matrix_index,station_id,out_degree,in_degree,node_type
0,1,7,5,regular
1,2,8,3,regular
2,3,3,2,regular
3,4,8,8,regular
4,5,2,2,regular
5,7,2,6,regular
6,9,3,5,regular
7,10,3,2,regular
8,11,10,7,regular
9,12,1,1,regular
10,13,1,2,regular
11,14,6,4,regular
12,15,9,11,regular
13,16,2,5,regular
14,17,1,2,regular
15,18,4,5,regular
16,19,3,3,regular
17,20,1,12,regular
18,21,2,3,regular
19,22,2,2,regular
20,23,6,2,regular
21,24,2,3,regular
22,25,2,2,regular
23,26,8,8,regular
24,27,7,11,regular
25,28,2,2,regular
26,29,6,4,regular
27,30,2,4,regular
28,31,4,2,regular
29,32,6,3,regular
30,33,4,8,regular
31,34,10,8,regular
32,35,5,3,regular
33,37,13,6,regular
34,38,4,3,regular
35,39,4,5,regular
36,40,6,4,regular
37,41,9,6,regular
38,42,2,4,regular
39,43,1,2,regular
40,44,6,4,regular
41,45,5,5,regular
42,46,2,3,regular
43,47,8,3,regular
44,48,7,4,regular
45,49,3,3,regular
46,50,13,3,regular
47,51,5,5,regular
48,52,3,3,regular
49,53,4,6,regular
50,54,4,4,regular
51,55,8,6,regular
52,56,2,2,regular
53,57,3,3,regular
54,58,1,1,regular
55,59,3,4,regular
56,60,6,2,regular
57,61,3,1,regular
58,62,4,1,regular
59,63,4,2,regular
60,64,4,4,regular
61,65,1,4,regular
62,66,3,6,regular
63,67,2,2,regular
64,68,4,3,regular
65,69,4,3,regular
66,70,2,8,regular
67,71,6,4,regular
68,72,2,2,regular
69,73,2,3,regular
70,76,2,2,regular
71,77,1,3,regular
72,78,1,2,regular
73,79,4,6,regular
74,80,8,9,regular
75,81,2,3,regular
76,82,3,3,regular
77,83,2,2,regular
78,84,4,7,regular
79,85,4,3,regular
80,87,3,2,regular
81,88,13,7,regular
82,89,6,4,regular
83,90,3,3,regular
84,91,4,3,regular
85,92,3,3,regular
86,93,1,1,regular
87,94,11,7,regular
88,95,3,3,regular
89,96,1,3,regular
90,97,7,7,regular
91,98,7,5,regular
92,99,1,1,regular
93,101,2,2,regular
94,102,2,4,regular
95,103,1,1,regular
96,104,3,4,regular
97,105,2,3,regular
98,106,6,6,regular
99,107,3,4,regular
100,108,5,8,regular
101,109,6,6,regular
102,110,2,2,regular
103,111,9,6,regular
104,112,5,4,regular
105,113,2,2,regular
106,114,1,2,regular
107,115,6,5,regular
108,117,7,6,regular
109,118,3,4,regular
110,119,1,3,regular
111,120,3,3,regular
112,121,5,5,regular
113,122,2,3,regular
114,123,2,3,regular
115,124,5,5,regular
116,125,5,4,regular
117,126,5,6,regular
118,127,5,4,regular
119,128,11,5,regular
120,129,1,3,regular
121,130,8,7,regular
122,131,2,4,regular
123,132,2,2,regular
124,133,1,3,regular
125,134,6,4,regular
126,135,2,2,regular
127,136,4,2,regular
128,137,1,2,regular
129,138,5,8,regular
130,139,6,6,regular
131,140,5,6,regular
132,141,0,0,isolated
133,142,4,4,regular
134,143,3,7,regular
135,144,12,6,regular
136,145,13,5,regular
137,146,6,4,regular
138,147,5,7,regular
139,148,2,3,regular
140,149,17,9,regular
141,151,1,5,regular
142,152,7,5,regular
143,153,2,2,regular
144,154,7,5,regular
145,155,4,5,regular
146,156,4,2,regular
147,157,2,2,regular
148,159,5,5,regular
149,160,4,4,regular
150,161,5,8,regular
151,162,8,5,regular
152,163,3,5,regular
153,164,4,2,regular
154,165,2,2,regular
155,166,6,7,regular
156,167,5,6,regular
157,168,4,3,regular
158,169,4,5,regular
159,170,2,2,regular
160,171,4,4,regular
161,172,8,9,regular
162,173,2,2,regular
163,174,3,2,regular
164,175,8,7,regular
165,176,5,1,regular
166,177,5,1,regular
167,178,2,4,regular
168,179,5,5,regular
169,180,3,2,regular
170,181,3,3,regular
171,182,3,3,regular
172,183,4,4,regular
173,184,5,4,regular
174,185,9,10,regular
175,187,5,3,regular
176,188,1,1,regular
177,189,3,7,regular
178,190,1,1,regular
179,192,7,8,regular
180,193,4,3,regular
181,194,3,2,regular
182,195,2,2,regular
183,196,5,5,regular
184,197,4,2,regular
185,198,7,5,regular
186,199,5,3,regular
187,200,6,5,regular
188,201,3,2,regular
189,202,4,4,regular
190,204,4,3,regular
191,205,4,6,regular
192,206,5,3,regular
193,207,8,6,regular
194,208,7,5,regular
195,209,9,5,regular
196,210,7,4,regular
197,211,4,3,regular
198,212,0,5,sink
199,213,5,5,regular
200,214,2,7,regular
201,215,2,0,source
202,216,3,5,regular
203,217,1,1,regular
204,218,3,2,regular
205,219,3,3,regular
206,220,1,3,regular
207,221,1,1,regular
208,222,2,3,regular
209,223,5,4,regular
210,224,5,3,regular
211,225,2,2,regular
212,226,3,5,regular
213,227,2,3,regular
214,228,6,6,regular
215,229,4,4,regular
216,230,4,2,regular
217,231,3,5,regular
218,232,3,6,regular
219,233,1,2,regular
220,234,4,2,regular
221,235,3,4,regular
222,236,1,1,regular
223,237,3,5,regular
224,238,2,7,regular
225,239,3,2,regular
226,240,5,5,regular
227,242,3,10,regular
228,243,2,3,regular
229,244,2,5,regular
230,245,2,11,regular
231,246,3,2,regular
232,247,4,5,regular
233,249,3,3,regular
234,250,7,1,regular
235,252,3,6,regular
236,253,4,8,regular
237,254,3,2,regular
238,255,4,3,regular
239,256,2,1,regular
240,257,4,2,regular
241,258,2,2,regular
242,259,3,5,regular
243,260,3,3,regular
244,261,2,4,regular
245,262,2,7,regular
246,264,1,1,regular
247,266,3,5,regular
248,267,2,5,regular
249,268,4,3,regular
250,269,8,9,regular
251,270,1,2,regular
252,271,3,4,regular
253,272,2,4,regular
254,273,3,4,regular
255,274,2,5,regular
256,275,4,5,regular
257,276,9,8,regular
258,277,3,2,regular
259,278,3,4,regular
260,279,4,5,regular
261,280,2,6,regular
262,282,3,4,regular
263,283,4,4,regular
264,284,0,6,sink
265,285,3,3,regular
266,286,4,4,regular
267,287,7,3,regular
268,288,2,1,regular
269,289,3,3,regular
270,290,2,2,regular
271,291,4,4,regular
272,292,3,3,regular
273,293,2,2,regular
274,295,4,6,regular
275,296,3,1,regular
276,297,3,6,regular
277,299,4,6,regular
278,300,3,4,regular
279,301,1,2,regular
280,302,4,2,regular
281,303,2,3,regular
282,304,7,5,regular
283,305,7,6,regular
284,307,2,2,regular
285,308,8,5,regular
286,309,1,1,regular
287,310,7,4,regular
288,311,5,6,regular
289,312,4,9,regular
290,313,3,5,regular
291,314,3,2,regular
292,315,1,1,regular
293,316,4,2,regular
294,317,4,5,regular
295,318,4,8,regular
296,319,4,1,regular
297,320,4,5,regular
298,321,2,5,regular
299,323,3,5,regular
300,324,5,2,regular
301,325,5,4,regular
302,326,6,4,regular
303,327,4,7,regular
304,328,4,4,regular
305,329,3,3,regular
306,330,3,5,regular
307,331,16,7,regular
308,332,2,5,regular
309,333,4,4,regular
310,334,3,3,regular
311,336,5,4,regular
312,337,3,6,regular
313,338,6,5,regular
314,339,3,1,regular
315,340,4,5,regular
316,341,2,5,regular
317,342,1,1,regular
318,343,6,6,regular
319,344,3,5,regular
320,345,4,6,regular
321,346,3,4,regular
322,348,4,4,regular
323,349,4,4,regular
324,350,5,5,regular
325,351,7,4,regular
326,352,3,1,regular
327,353,1,4,regular
328,354,1,4,regular
329,355,1,3,regular
330,356,8,6,regular
331,357,4,5,regular
332,358,6,7,regular
333,360,6,4,regular
334,361,5,3,regular
335,362,2,2,regular
336,363,4,4,regular
337,364,2,3,regular
338,365,3,3,regular
339,366,7,3,regular
340,367,1,3,regular
341,368,3,7,regular
342,369,3,5,regular
343,370,2,2,regular
344,371,2,4,regular
345,372,3,5,regular
346,373,1,2,regular
347,374,3,2,regular
348,375,2,2,regular
349,376,11,14,regular
350,377,3,3,regular
351,378,3,2,regular
352,379,10,3,regular
353,380,7,3,regular
354,382,3,4,regular
355,384,3,2,regular
356,385,3,4,regular
357,387,11,6,regular
358,389,5,4,regular
359,390,6,2,regular
360,391,7,4,regular
361,392,4,3,regular
362,394,1,2,regular
363,395,3,4,regular
364,396,8,6,regular
365,397,2,2,regular
366,398,4,3,regular
367,399,3,3,regular
368,400,1,3,regular
369,401,3,2,regular
370,402,2,4,regular
371,403,3,2,regular
372,404,6,10,regular
373,405,3,3,regular
374,406,7,5,regular
375,407,2,4,regular
376,408,3,3,regular
377,409,7,8,regular
378,410,3,2,regular
379,412,2,4,regular
380,413,1,2,regular
381,414,5,7,regular
382,415,5,5,regular
383,416,2,2,regular
384,418,5,3,regular
385,419,4,4,regular
386,421,3,4,regular
387,422,5,5,regular
388,423,2,3,regular
389,424,1,1,regular
390,425,4,3,regular
391,426,3,1,regular
392,427,4,4,regular
393,428,5,9,regular
394,429,4,9,regular
395,430,3,2,regular
396,431,2,3,regular
397,432,1,1,regular
398,433,6,13,regular
399,434,3,4,regular
400,435,4,5,regular
401,437,2,2,regular
402,438,4,5,regular
403,439,2,3,regular
404,440,3,1,regular
405,441,4,3,regular
406,442,5,5,regular
407,443,0,4,sink
408,444,1,3,regular
409,445,2,3,regular
410,446,0,2,sink
411,447,2,1,regular
412,448,2,3,regular
413,449,6,7,regular
414,450,5,8,regular
415,451,4,5,regular
416,452,5,3,regular
417,453,2,3,regular
418,454,8,7,regular
419,455,6,6,regular
420,456,6,3,regular
421,457,2,1,regular
422,458,2,4,regular
423,459,4,5,regular
424,460,1,4,regular
425,461,3,5,regular
426,462,3,3,regular
427,463,10,4,regular
428,464,3,2,regular
429,465,6,6,regular
430,466,2,1,regular
431,467,1,1,regular
432,468,3,5,regular
433,469,3,3,regular
434,470,4,4,regular
435,472,3,3,regular
436,473,2,3,regular
437,474,2,2,regular
438,475,4,5,regular
439,476,4,4,regular
440,477,3,2,regular
441,478,4,3,regular
442,479,6,5,regular
443,480,4,6,regular
444,481,2,3,regular
445,482,6,6,regular
446,483,2,2,regular
447,484,4,8,regular
448,485,1,3,regular
449,486,3,4,regular
450,487,3,3,regular
451,488,4,4,regular
452,489,0,0,isolated
453,490,4,1,regular
454,491,3,5,regular
455,492,4,5,regular
456,493,5,3,regular
457,495,3,7,regular
458,496,7,2,regular
459,497,4,4,regular
460,498,1,0,source
461,499,2,3,regular
462,500,3,3,regular
463,501,6,6,regular
464,502,4,5,regular
465,503,4,3,regular
466,504,6,4,regular
467,505,1,2,regular
468,507,4,4,regular
469,508,3,5,regular
470,509,2,3,regular
471,510,6,9,regular
472,511,2,3,regular
473,512,1,6,regular
474,513,4,3,regular
475,514,4,4,regular
476,515,5,3,regular
477,516,0,5,sink
478,517,4,6,regular
479,518,2,4,regular
480,519,3,5,regular
481,520,2,2,regular
482,523,6,5,regular
483,524,1,2,regular
484,525,7,6,regular
485,526,5,6,regular
486,527,3,4,regular
487,528,8,5,regular
488,529,2,2,regular
489,530,3,9,regular
490,531,1,1,regular
491,532,9,9,regular
492,534,2,2,regular
493,535,4,4,regular
494,536,7,3,regular
495,537,2,3,regular
496,538,3,3,regular
497,539,3,3,regular
498,540,9,7,regular
499,541,4,3,regular
500,542,3,5,regular
501,543,7,8,regular
502,544,4,5,regular
503,545,5,4,regular
504,546,9,7,regular
505,547,2,3,regular
506,548,2,1,regular
507,549,5,6,regular
508,550,8,4,regular
509,551,3,4,regular
510,552,1,2,regular
511,553,6,5,regular
512,554,6,3,regular
513,555,7,1,regular
514,556,4,5,regular
515,557,4,0,source
516,558,6,7,regular
517,559,1,1,regular
518,560,10,5,regular
519,561,4,4,regular
520,562,4,4,regular
521,563,3,5,regular
522,564,4,5,regular
523,565,2,2,regular
524,566,2,3,regular
525,567,7,8,regular
526,568,11,9,regular
527,569,2,2,regular
528,570,7,5,regular
529,571,2,3,regular
530,572,5,2,regular
531,573,3,4,regular
532,574,7,6,regular
533,575,2,5,regular
534,576,1,2,regular
535,577,2,4,regular
536,578,2,4,regular
537,579,5,4,regular
538,580,9,11,regular
539,581,2,2,regular
540,582,4,4,regular
541,583,2,4,regular
542,584,1,3,regular
543,585,5,3,regular
544,586,3,3,regular
545,587,7,2,regular
546,588,7,5,regular
547,589,2,5,regular
548,590,14,2,regular
549,591,10,10,regular
550,592,14,9,regular
551,593,3,4,regular
552,594,9,1,regular
553,595,2,3,regular
554,596,7,4,regular
555,597,3,3,regular
556,598,2,2,regular
557,599,9,8,regular
558,600,2,4,regular
559,601,11,7,regular
560,602,1,4,regular
561,603,12,6,regular
562,604,1,3,regular
563,605,3,8,regular
564,606,4,5,regular
565,607,9,7,regular
566,608,5,5,regular
567,609,3,5,regular
568,610,5,4,regular
569,612,4,6,regular
570,613,4,6,regular
571,614,2,2,regular
572,615,3,1,regular
573,616,6,3,regular
574,617,3,2,regular
575,618,3,3,regular
576,619,3,3,regular
577,620,2,3,regular
578,621,3,3,regular
579,622,2,5,regular
580,623,2,3,regular
581,626,2,3,regular
582,627,4,2,regular
583,628,4,4,regular
584,629,4,3,regular
585,630,6,6,regular
586,631,5,4,regular
587,632,3,3,regular
588,633,2,1,regular
589,634,14,6,regular
590,635,3,2,regular
591,636,1,3,regular
592,637,4,3,regular
593,638,3,3,regular
594,640,8,2,regular
595,642,4,3,regular
596,644,1,6,regular
597,645,4,3,regular
598,646,8,9,regular
599,647,5,3,regular
600,648,2,4,regular
601,650,6,2,regular
602,652,2,1,regular
603,653,9,6,regular
604,654,4,6,regular
605,655,8,2,regular
606,656,9,11,regular
607,657,2,2,regular
