stt,Location,CamID,latitude,longitude
1,Trần Quang Khải - Trần Khắc Chân,662b86c41afb9c00172dd31c,10.793215,106.691724
2,Tô Ngọc Vân - TX25,5a6065c58576340017d06615,10.87524,106.67831
3,Quốc Lộ 13 - cầu Ông Dầu,6623f4df6f998a001b2528eb,10.83582,106.71452
4,Cách Mạng Tháng Tám - Bùi Thị Xuân,662b7ce71afb9c00172dc676,10.77254,106.68923
5,Nguyễn Thị Định - Đường D,583f969161cfea0012cf68f7,10.7812,106.75841
7,Phan Đăng Lưu - Thích Quảng Đức,6623e8da6f998a001b2524a6,10.80351,106.68652
9,Điện Biên Phủ - Nguyễn Gia Trí,66b1c426779f74001867415e,10.80163,106.7142
10,Quốc lộ 1 - Rạch Láng Le 1,595dc29c3dcfc400106f2894,10.70251,106.56843
11,Đinh Bộ Lĩnh - Bạch Đằng (Nhánh 11),50163eb1c672aaf682476098,10.807174,106.709694
12,Quang Trung - Thống Nhất (Nhánh 12),870bbacfa4de74c679423ce3,10.843682,106.675284
13,Lê Văn Việt - Man Thiện (Nhánh 13),01479c074759f0c536288872,10.844627,106.780527
14,Ba Tháng Hai - Lê Hồng Phong (Nhánh 14),9375823e0361c7b6b070ec1c,10.783734,106.679539
15,Hùng Vương - Nguyễn Tri Phương (Nhánh 15),a4620441148ef21ab37d65b5,10.754444,106.67114
16,Hồng Bàng - Thuận Kiều (Nhánh 16),e32e0e9302a56cfdc40cc706,10.750393,106.654174
17,Võ Thị Sáu - Hai Bà Trưng (Nhánh 17),39bda308c7aedef4828346d8,10.791036,106.678094
18,Mai Chí Thọ - Đồng Văn Cống (Nhánh 18),0898d100c02ad3240590245b,10.769601,106.742302
19,Nguyễn Hữu Cảnh - Tôn Đức Thắng (Nhánh 19),6c45719d52a74c5a665271e4,10.773997,106.709014
20,Kinh Dương Vương - Tên Lửa (Nhánh 20),9a1088210eed4b71e250317b,10.735036,106.601502
21,Lý Thường Kiệt - Bắc Hải (Nhánh 21),3fd4b8b062c883e80e0b5df0,10.787525,106.656394
22,Phan Đăng Lưu - Hoàng Hoa Thám (Nhánh 22),023e6b1d04f2d5e36acd010d,10.80264,106.681002
23,Võ Văn Ngân - Đặng Văn Bi (Nhánh 23),32df116db5440e08d97893a5,10.846845,106.765387
24,Nguyễn Oanh - Phan Văn Trị (Nhánh 24),09393775d268fec720a1a41c,10.822292,106.681106
25,Trần Hưng Đạo - Nguyễn Văn Cừ (Nhánh 25),f7e781cc6f5a9a88ea6ebc13,10.752995,106.682166
26,An Dương Vương - Trần Phú (Nhánh 26),86fec8bf2434efc6dcfd4636,10.751386,106.686718
27,Nguyễn Thị Minh Khai - Cách Mạng Tháng Tám (Nhánh 27),dca4efc7bb0844497093b879,10.773392,106.682738
28,Điện Biên Phủ - Đinh Tiên Hoàng (Nhánh 28),535c563bc9822e72a9fff7d3,10.79808,106.688033
29,Bạch Đằng - Xô Viết Nghệ Tĩnh (Nhánh 29),47d634c93a287ef779a1d261,10.802771,106.696823
30,Lê Duẩn - Pasteur (Nhánh 30),07e56449cce1fe4a3814b565,10.768875,106.699775
31,Nguyễn Văn Trỗi - Trương Quốc Dung (Nhánh 31),d73e2776d8ddacb925005a1d,10.801308,106.675871
32,Hoàng Sa - Trần Quang Diệu (Nhánh 32),ea8da830e630cbba658e3b3d,10.787275,106.677091
33,Nam Kỳ Khởi Nghĩa - Lý Chính Thắng (Nhánh 33),d7191d7caac1946e9ed6e616,10.775772,106.679441
34,Võ Văn Kiệt - Ký Con (Nhánh 34),0b0c8fdb5c0f7fa8157e78d0,10.764415,106.707957
35,Xa Lộ Hà Nội - Cát Lái (Nhánh 35),22fc52ecf9196d700aedc460,10.803949,106.737996
37,Phạm Văn Đồng - Phan Văn Trị (Nhánh 37),78121aeef28c99df9ff40b53,10.822393,106.695619
38,Cộng Hòa - Hoàng Hoa Thám (Nhánh 38),682693c3b90e51f091b43187,10.796085,106.652093
39,Trường Chinh - Tây Thạnh (Nhánh 39),939f0b3d28d9fdacf7f963f1,10.822448,106.63695
40,Nguyễn Văn Linh - Nguyễn Hữu Thọ (Nhánh 40),2aa1a2cfe4d80881a9b77ba5,10.723786,106.699926
41,Hoàng Văn Thụ - Nguyễn Văn Trỗi (Nhánh 41),0241906ffa5979d7ef0fcd42,10.80155,106.679004
42,Đinh Bộ Lĩnh - Bạch Đằng (Nhánh 42),55d09fe31b2b2dc27a771348,10.799367,106.709315
43,Quang Trung - Thống Nhất (Nhánh 43),eb46b732d02e89f482effb82,10.829649,106.65353
44,Lê Văn Việt - Man Thiện (Nhánh 44),5a4e49d7e49f3dc5173dffe8,10.853,106.79325
45,Ba Tháng Hai - Lê Hồng Phong (Nhánh 45),952b180f24bf81ab6cf5aeeb,10.770524,106.681428
46,Hùng Vương - Nguyễn Tri Phương (Nhánh 46),9607d75424e6105b65b0bdc3,10.761093,106.661639
47,Hồng Bàng - Thuận Kiều (Nhánh 47),94556c388e41edc9fb9ac6c2,10.756991,106.670204
48,Võ Thị Sáu - Hai Bà Trưng (Nhánh 48),e970cbcfbfd4261c39f3191c,10.788813,106.705917
49,Mai Chí Thọ - Đồng Văn Cống (Nhánh 49),26e38737565089332bc05da5,10.762442,106.753375
50,Nguyễn Hữu Cảnh - Tôn Đức Thắng (Nhánh 50),bc6f1729b359a5d2a9f5d920,10.782796,106.704108
51,Kinh Dương Vương - Tên Lửa (Nhánh 51),4d0bb7590354001c34ebcfc9,10.743034,106.596899
52,Lý Thường Kiệt - Bắc Hải (Nhánh 52),9ef0027ff57adf06d19b11bd,10.774043,106.661057
53,Phan Đăng Lưu - Hoàng Hoa Thám (Nhánh 53),aa5717492fe74bda6a90b9ab,10.813923,106.688254
54,Võ Văn Ngân - Đặng Văn Bi (Nhánh 54),a473d835f826dc52dca0767c,10.844732,106.760486
55,Nguyễn Oanh - Phan Văn Trị (Nhánh 55),5bf021d036f191432fed301c,10.838823,106.68073
56,Trần Hưng Đạo - Nguyễn Văn Cừ (Nhánh 56),b369b70fb6fec315537a787a,10.753562,106.688606
57,An Dương Vương - Trần Phú (Nhánh 57),fe8c63655eab3e9dbeff9660,10.756977,106.679649
58,Nguyễn Thị Minh Khai - Cách Mạng Tháng Tám (Nhánh 58),04549d7ec1c1e1f866221b79,10.767884,106.688579
59,Điện Biên Phủ - Đinh Tiên Hoàng (Nhánh 59),374bc879db7b52341bcffedd,10.788363,106.686092
60,Bạch Đằng - Xô Viết Nghệ Tĩnh (Nhánh 60),3607660c51235e5253bd4855,10.803469,106.714588
61,Lê Duẩn - Pasteur (Nhánh 61),bb587044c2a0860373f70878,10.779541,106.696323
62,Nguyễn Văn Trỗi - Trương Quốc Dung (Nhánh 62),8a7cf03d432c282fa45faf43,10.784077,106.671135
63,Hoàng Sa - Trần Quang Diệu (Nhánh 63),427eb9e78e13413e35e19ec0,10.785458,106.673082
64,Nam Kỳ Khởi Nghĩa - Lý Chính Thắng (Nhánh 64),2c710c70eac27d1e1ae07e89,10.78631,106.688432
65,Võ Văn Kiệt - Ký Con (Nhánh 65),21c15b768c0f8f6168ee0615,10.783189,106.700897
66,Xa Lộ Hà Nội - Cát Lái (Nhánh 66),bb3fb84c70304e1c878cb0e9,10.80326,106.751504
67,Phạm Văn Đồng - Phan Văn Trị (Nhánh 67),66a4e50d666d4fc8c875a34a,10.80445,106.698488
68,Cộng Hòa - Hoàng Hoa Thám (Nhánh 68),89140611c47fed463f82dfac,10.801982,106.666906
69,Trường Chinh - Tây Thạnh (Nhánh 69),498ce8d45d5d3fee07d0f159,10.812661,106.631912
70,Nguyễn Văn Linh - Nguyễn Hữu Thọ (Nhánh 70),5e471cca99b69caf55f12e15,10.730222,106.693051
71,Hoàng Văn Thụ - Nguyễn Văn Trỗi (Nhánh 71),44843f1e352f05bac4b3a62d,10.808043,106.677215
72,Đinh Bộ Lĩnh - Bạch Đằng (Nhánh 72),040f6f81ed8a08e06696548f,10.809528,106.703525
73,Quang Trung - Thống Nhất (Nhánh 73),10fa225a577778f328013fd3,10.849722,106.651885
76,Lê Văn Việt - Man Thiện (Nhánh 76),3ba16f18c15424c0188d9606,10.851195,106.799924
77,Ba Tháng Hai - Lê Hồng Phong (Nhánh 77),9016a29807d7a701479649c5,10.763176,106.66887
78,Hùng Vương - Nguyễn Tri Phương (Nhánh 78),e8a3037536e28f57a91787e3,10.758997,106.662772
79,Hồng Bàng - Thuận Kiều (Nhánh 79),ff20f94bb74a66860dfc7c48,10.741695,106.658449
80,Võ Thị Sáu - Hai Bà Trưng (Nhánh 80),dccf7266deab5801b4c940ef,10.780602,106.697189
81,Mai Chí Thọ - Đồng Văn Cống (Nhánh 81),c949b220fb192cbaa5e32fcb,10.776045,106.759199
82,Nguyễn Hữu Cảnh - Tôn Đức Thắng (Nhánh 82),1bbbede1d14f664e9ab2d22d,10.775834,106.703924
83,Kinh Dương Vương - Tên Lửa (Nhánh 83),1094229402e297f005350e77,10.748808,106.602953
84,Lý Thường Kiệt - Bắc Hải (Nhánh 84),67924e85bc2169721d2b98f5,10.77762,106.668657
85,Phan Đăng Lưu - Hoàng Hoa Thám (Nhánh 85),e7d4aa257379e7034645d30e,10.78924,106.693877
87,Võ Văn Ngân - Đặng Văn Bi (Nhánh 87),3ffc03287f60536968aa4cfe,10.853279,106.770755
88,Nguyễn Oanh - Phan Văn Trị (Nhánh 88),1a0d253acbe93329d344db9f,10.821604,106.667536
89,Trần Hưng Đạo - Nguyễn Văn Cừ (Nhánh 89),693266ba6126f6a89d2f40aa,10.761976,106.686876
90,An Dương Vương - Trần Phú (Nhánh 90),3f86a8a98edef00962bb88f3,10.758204,106.674672
91,Nguyễn Thị Minh Khai - Cách Mạng Tháng Tám (Nhánh 91),7434c8d5443cb8012aa69576,10.76806,106.693058
92,Điện Biên Phủ - Đinh Tiên Hoàng (Nhánh 92),049c5e21284298fb962de0e2,10.793845,106.692085
93,Bạch Đằng - Xô Viết Nghệ Tĩnh (Nhánh 93),e384d96fc322e582fa83956c,10.816026,106.716291
94,Lê Duẩn - Pasteur (Nhánh 94),53e5c5c85cec20cb881f24dd,10.76997,106.703452
95,Nguyễn Văn Trỗi - Trương Quốc Dung (Nhánh 95),55616874416b737b190151cb,10.787603,106.680797
96,Hoàng Sa - Trần Quang Diệu (Nhánh 96),887fe513fe712df2f3a7bed0,10.797469,106.672935
97,Nam Kỳ Khởi Nghĩa - Lý Chính Thắng (Nhánh 97),9f642150c7764e931f63635f,10.795307,106.688502
98,Võ Văn Kiệt - Ký Con (Nhánh 98),ead79deafbc1deb2f77c4ebd,10.774676,106.714674
99,Xa Lộ Hà Nội - Cát Lái (Nhánh 99),77eb15f262c6ccaadee9b53c,10.799237,106.74607
101,Phạm Văn Đồng - Phan Văn Trị (Nhánh 101),5bfaa5427408623d2eb6e715,10.812684,106.692174
102,Cộng Hòa - Hoàng Hoa Thám (Nhánh 102),6a896495eb6280fd25312545,10.800883,106.649929
103,Trường Chinh - Tây Thạnh (Nhánh 103),144f7366511b6505ccbbf496,10.816414,106.636117
104,Nguyễn Văn Linh - Nguyễn Hữu Thọ (Nhánh 104),b7754c3fca8b86da7746eb5d,10.730604,106.714028
105,Hoàng Văn Thụ - Nguyễn Văn Trỗi (Nhánh 105),8858d2af10aada15d58efa11,10.796783,106.692961
106,Đinh Bộ Lĩnh - Bạch Đằng (Nhánh 106),4a05564f3b632103712379ff,10.808205,106.703943
107,Quang Trung - Thống Nhất (Nhánh 107),33b165dd8aa2223cad8ba0f5,10.829933,106.66696
108,Lê Văn Việt - Man Thiện (Nhánh 108),f8b75468756fe459d51b790f,10.844712,106.788112
109,Ba Tháng Hai - Lê Hồng Phong (Nhánh 109),1313d07b86211e8360d1b788,10.774886,106.672817
110,Hùng Vương - Nguyễn Tri Phương (Nhánh 110),556bfa66b54156284c0eb2bb,10.751426,106.654681
111,Hồng Bàng - Thuận Kiều (Nhánh 111),130178b2765ff22d80171d2a,10.750528,106.664751
112,Võ Thị Sáu - Hai Bà Trưng (Nhánh 112),a2017415dc60993d4336a0cb,10.790813,106.683434
113,Mai Chí Thọ - Đồng Văn Cống (Nhánh 113),3ae57a3cd6422ad14169942c,10.784785,106.749883
114,Nguyễn Hữu Cảnh - Tôn Đức Thắng (Nhánh 114),6c429a5d504815c62d425d0b,10.775029,106.70773
115,Kinh Dương Vương - Tên Lửa (Nhánh 115),43b11ccaad6a7edd5ce977ca,10.742766,106.603656
117,Lý Thường Kiệt - Bắc Hải (Nhánh 117),7e5812d41a60898d0fa59732,10.778662,106.662686
118,Phan Đăng Lưu - Hoàng Hoa Thám (Nhánh 118),2c0ed37060088fbc8de63efa,10.810764,106.70083
119,Võ Văn Ngân - Đặng Văn Bi (Nhánh 119),b77f7ce5ec0ed9f039f482b7,10.840179,106.756997
120,Nguyễn Oanh - Phan Văn Trị (Nhánh 120),cde71dbdcdcd22996d7c3ace,10.83562,106.68221
121,Trần Hưng Đạo - Nguyễn Văn Cừ (Nhánh 121),f304e9ea81a0cc61578b1161,10.76192,106.715322
122,An Dương Vương - Trần Phú (Nhánh 122),f65eb2a29bec1c1de4a2290f,10.760767,106.680985
123,Nguyễn Thị Minh Khai - Cách Mạng Tháng Tám (Nhánh 123),00f916954a3e320b24eb0449,10.781132,106.696411
124,Điện Biên Phủ - Đinh Tiên Hoàng (Nhánh 124),f51fa7a24104dc02feacf59c,10.788978,106.703872
125,Bạch Đằng - Xô Viết Nghệ Tĩnh (Nhánh 125),36a2f924accb93468cc92703,10.794917,106.710605
126,Lê Duẩn - Pasteur (Nhánh 126),60fffc0b246427c52769aab8,10.775617,106.698855
127,Nguyễn Văn Trỗi - Trương Quốc Dung (Nhánh 127),b4f5e4adf6e97edaed578aab,10.813917,106.659562
128,Hoàng Sa - Trần Quang Diệu (Nhánh 128),8be9897327c1eada01543701,10.79369,106.666598
129,Nam Kỳ Khởi Nghĩa - Lý Chính Thắng (Nhánh 129),39a74eeab294794f1d7efb1c,10.783825,106.693912
130,Võ Văn Kiệt - Ký Con (Nhánh 130),1b60a9acb5abfc9dfee32b8f,10.768614,106.690878
131,Xa Lộ Hà Nội - Cát Lái (Nhánh 131),af57216165a4675954e765ef,10.795478,106.757537
132,Phạm Văn Đồng - Phan Văn Trị (Nhánh 132),df4170d890681fad1de59cf2,10.813957,106.700432
133,Cộng Hòa - Hoàng Hoa Thám (Nhánh 133),a921dfe656c54369fd9bfb8f,10.801865,106.641987
134,Trường Chinh - Tây Thạnh (Nhánh 134),2ac28727b8a4c5d79f9c4401,10.831352,106.634571
135,Nguyễn Văn Linh - Nguyễn Hữu Thọ (Nhánh 135),e7e86a76266736faacfb6765,10.714299,106.703892
136,Hoàng Văn Thụ - Nguyễn Văn Trỗi (Nhánh 136),5f2bce49bef423b196ee582c,10.793606,106.678019
137,Đinh Bộ Lĩnh - Bạch Đằng (Nhánh 137),5b5a6e6e3305286ed262744b,10.79686,106.709882
138,Quang Trung - Thống Nhất (Nhánh 138),9bdec694da2e06ee3075c0f9,10.84254,106.670026
139,Lê Văn Việt - Man Thiện (Nhánh 139),e419b1737da7c7ef2294b50e,10.836898,106.779724
140,Ba Tháng Hai - Lê Hồng Phong (Nhánh 140),2c37129fa400f577759a698f,10.7673,106.668173
141,Hùng Vương - Nguyễn Tri Phương (Nhánh 141),9215fedc3fa25f6aedf796b6,10.772324,106.67004
142,Hồng Bàng - Thuận Kiều (Nhánh 142),f19564f91b057423947ba696,10.744013,106.665243
143,Võ Thị Sáu - Hai Bà Trưng (Nhánh 143),816465667c3003cb9b0056e8,10.806077,106.70166
144,Mai Chí Thọ - Đồng Văn Cống (Nhánh 144),c5a35629397d43f69b466673,10.771245,106.742926
145,Nguyễn Hữu Cảnh - Tôn Đức Thắng (Nhánh 145),4b307e7bd71a7075e64f3603,10.792235,106.700839
146,Kinh Dương Vương - Tên Lửa (Nhánh 146),a8b9418bc96e9f502a799ce0,10.745851,106.618997
147,Lý Thường Kiệt - Bắc Hải (Nhánh 147),ac9d1930ad24cb778be5e1f1,10.768385,106.657724
148,Phan Đăng Lưu - Hoàng Hoa Thám (Nhánh 148),e10b38777074e6b3948d3151,10.77617,106.684205
149,Võ Văn Ngân - Đặng Văn Bi (Nhánh 149),92111327a6b29bd9c3673705,10.849179,106.754518
151,Nguyễn Oanh - Phan Văn Trị (Nhánh 151),edae95094a2e8587a2e1c265,10.844559,106.666659
152,Trần Hưng Đạo - Nguyễn Văn Cừ (Nhánh 152),839b070309f93a0e54349e9b,10.75428,106.685546
153,An Dương Vương - Trần Phú (Nhánh 153),2cf2d4b8f5c51c4f2dec9e81,10.76773,106.660413
154,Nguyễn Thị Minh Khai - Cách Mạng Tháng Tám (Nhánh 154),ed8b3775144b132325bbe72c,10.782805,106.691282
155,Điện Biên Phủ - Đinh Tiên Hoàng (Nhánh 155),d152749814998802ad24c54d,10.783648,106.701497
156,Bạch Đằng - Xô Viết Nghệ Tĩnh (Nhánh 156),ace1532e41885526e700e263,10.802692,106.707698
157,Lê Duẩn - Pasteur (Nhánh 157),ebb03ecba2f1973c7631b301,10.780058,106.695117
159,Nguyễn Văn Trỗi - Trương Quốc Dung (Nhánh 159),bb6b774870d5a82d9a6f15e8,10.796308,106.679797
160,Hoàng Sa - Trần Quang Diệu (Nhánh 160),3ac61f76a96709973e0fe0a1,10.800888,106.669597
161,Nam Kỳ Khởi Nghĩa - Lý Chính Thắng (Nhánh 161),eae7ab902b4d5ec0a23407d5,10.804664,106.669583
162,Võ Văn Kiệt - Ký Con (Nhánh 162),95f03b4d8d14f5ec7d519dcb,10.766886,106.704207
163,Xa Lộ Hà Nội - Cát Lái (Nhánh 163),6c205edfe820db9825c67cf5,10.803448,106.747118
164,Phạm Văn Đồng - Phan Văn Trị (Nhánh 164),aa1b01e954f44323457b639f,10.818135,106.694756
165,Cộng Hòa - Hoàng Hoa Thám (Nhánh 165),db24f53afc58867cfa1d1b2b,10.796785,106.653997
166,Trường Chinh - Tây Thạnh (Nhánh 166),e40979303664f7e4da9cb517,10.817056,106.623957
167,Nguyễn Văn Linh - Nguyễn Hữu Thọ (Nhánh 167),05fa44e9c6f2a19dc4bffb35,10.737697,106.704858
168,Hoàng Văn Thụ - Nguyễn Văn Trỗi (Nhánh 168),e664c57f8869377ad54c9afa,10.805403,106.676237
169,Đinh Bộ Lĩnh - Bạch Đằng (Nhánh 169),212fc667abdfb9d31ef994ec,10.796568,106.706319
170,Quang Trung - Thống Nhất (Nhánh 170),5b8890057d253b1e572dd40e,10.844478,106.667983
171,Lê Văn Việt - Man Thiện (Nhánh 171),ea0f2ea111068924a3ea4731,10.846333,106.783339
172,Ba Tháng Hai - Lê Hồng Phong (Nhánh 172),1710ffc80093a373b8f00352,10.781321,106.668667
173,Hùng Vương - Nguyễn Tri Phương (Nhánh 173),c817940cdabdbef7dd6e130d,10.762577,106.665182
174,Hồng Bàng - Thuận Kiều (Nhánh 174),97bdc63eff8ca1779c628b5d,10.752359,106.66669
175,Võ Thị Sáu - Hai Bà Trưng (Nhánh 175),ce0f4bc3a83b8cce318b872b,10.795703,106.699908
176,Mai Chí Thọ - Đồng Văn Cống (Nhánh 176),33ec30dc831f79072975ad5b,10.793844,106.746968
177,Nguyễn Hữu Cảnh - Tôn Đức Thắng (Nhánh 177),c2fb63bb4cf6f4546d5e9f13,10.787556,106.704018
178,Kinh Dương Vương - Tên Lửa (Nhánh 178),17cab6493a56dc712de693cf,10.744893,106.611759
179,Lý Thường Kiệt - Bắc Hải (Nhánh 179),e2eac3c0f4887212fb962aeb,10.776576,106.662961
180,Phan Đăng Lưu - Hoàng Hoa Thám (Nhánh 180),2bd5f1e0acf2ae80d93927f9,10.795554,106.709139
181,Võ Văn Ngân - Đặng Văn Bi (Nhánh 181),7c1aac2bf7bf9f1db81fa29f,10.843152,106.754786
182,Nguyễn Oanh - Phan Văn Trị (Nhánh 182),14c2e881da35ed563585729c,10.840765,106.684433
183,Trần Hưng Đạo - Nguyễn Văn Cừ (Nhánh 183),cb8428bc4837a56fe2f7fc4d,10.762793,106.689527
184,An Dương Vương - Trần Phú (Nhánh 184),3611906f764bf4d3f9317f00,10.756102,106.664722
185,Nguyễn Thị Minh Khai - Cách Mạng Tháng Tám (Nhánh 185),f2d35234c77e3c99cc56c187,10.774106,106.685783
187,Điện Biên Phủ - Đinh Tiên Hoàng (Nhánh 187),520a3d28c238ecd1108fb6a6,10.799301,106.696624
188,Bạch Đằng - Xô Viết Nghệ Tĩnh (Nhánh 188),834a800ffeb1513bef43bcea,10.794496,106.709929
189,Lê Duẩn - Pasteur (Nhánh 189),fd59701638df507cfee758f3,10.782803,106.69369
190,Nguyễn Văn Trỗi - Trương Quốc Dung (Nhánh 190),ae0179e63fd96397c1bda87f,10.788822,106.676449
192,Hoàng Sa - Trần Quang Diệu (Nhánh 192),349857016cb239095f9e71bf,10.79016,106.675444
193,Nam Kỳ Khởi Nghĩa - Lý Chính Thắng (Nhánh 193),2c954be315f7f5055a632765,10.783832,106.687056
194,Võ Văn Kiệt - Ký Con (Nhánh 194),2f5de5db2cd9d12c461aeb2d,10.756515,106.68824
195,Xa Lộ Hà Nội - Cát Lái (Nhánh 195),1a53ec46f3d002968561f6b2,10.795452,106.750392
196,Phạm Văn Đồng - Phan Văn Trị (Nhánh 196),39c3a3ea8065435b376b9a34,10.822287,106.710503
197,Cộng Hòa - Hoàng Hoa Thám (Nhánh 197),ac47cb0de6dc4df170c763a4,10.808361,106.64592
198,Trường Chinh - Tây Thạnh (Nhánh 198),2394a763c6bb6d9dc7f9a659,10.814048,106.62148
199,Nguyễn Văn Linh - Nguyễn Hữu Thọ (Nhánh 199),23bcf74f32db8ea9f7ddbf9d,10.730352,106.700091
200,Hoàng Văn Thụ - Nguyễn Văn Trỗi (Nhánh 200),beb60d8e02ed52c011536ed3,10.801482,106.664582
201,Đinh Bộ Lĩnh - Bạch Đằng (Nhánh 201),36ada2aa6d70e8b3044a63a9,10.807355,106.723062
202,Quang Trung - Thống Nhất (Nhánh 202),a82745ced177b4b8fe2f7f87,10.83763,106.666314
204,Lê Văn Việt - Man Thiện (Nhánh 204),314df970c16e1782111c24e5,10.852021,106.77919
205,Ba Tháng Hai - Lê Hồng Phong (Nhánh 205),7e83543463bd6c3e54b62b78,10.772893,106.673501
206,Hùng Vương - Nguyễn Tri Phương (Nhánh 206),64a3f7998d99ea412fbd0fef,10.758981,106.660616
207,Hồng Bàng - Thuận Kiều (Nhánh 207),23efdbe306155d1f5429d954,10.754296,106.661884
208,Võ Thị Sáu - Hai Bà Trưng (Nhánh 208),5876b6f30b9d29f6f2568675,10.800709,106.701074
209,Mai Chí Thọ - Đồng Văn Cống (Nhánh 209),609eed9bf43b7a103372a661,10.800625,106.740661
210,Nguyễn Hữu Cảnh - Tôn Đức Thắng (Nhánh 210),22323288b30441c274448e7f,10.789079,106.707967
211,Kinh Dương Vương - Tên Lửa (Nhánh 211),85c050fb9dd833394b30f2a7,10.759818,106.606334
212,Lý Thường Kiệt - Bắc Hải (Nhánh 212),0842252ac2b6d53e5c0a9003,10.769082,106.653405
213,Phan Đăng Lưu - Hoàng Hoa Thám (Nhánh 213),e702b92c21db1a194f8d095d,10.785109,106.688194
214,Võ Văn Ngân - Đặng Văn Bi (Nhánh 214),f345d2821fb7084026221de6,10.845127,106.765703
215,Nguyễn Oanh - Phan Văn Trị (Nhánh 215),94f3be4df549bd22802e3a74,10.834234,106.693109
216,Trần Hưng Đạo - Nguyễn Văn Cừ (Nhánh 216),f31446ad55a9749c3dbc3726,10.765403,106.679885
217,An Dương Vương - Trần Phú (Nhánh 217),b9f4e01ece71db0226b49a53,10.749013,106.675835
218,Nguyễn Thị Minh Khai - Cách Mạng Tháng Tám (Nhánh 218),99471125ac4154033907a458,10.762938,106.705852
219,Điện Biên Phủ - Đinh Tiên Hoàng (Nhánh 219),5bed1d20da7d2dfd6994b426,10.800936,106.694047
220,Bạch Đằng - Xô Viết Nghệ Tĩnh (Nhánh 220),c5cbf10d11b915b2e7538208,10.787395,106.723331
221,Lê Duẩn - Pasteur (Nhánh 221),1707ab2698f25a83958e6ae9,10.778584,106.708103
222,Nguyễn Văn Trỗi - Trương Quốc Dung (Nhánh 222),8ae5f48651e42758c87adf2b,10.782645,106.669705
223,Hoàng Sa - Trần Quang Diệu (Nhánh 223),a8e7149cc89d995897bba0f8,10.788242,106.679876
224,Nam Kỳ Khởi Nghĩa - Lý Chính Thắng (Nhánh 224),06764a7ff2d477de39ed6cf5,10.783999,106.690183
225,Võ Văn Kiệt - Ký Con (Nhánh 225),8a651ee1d2387cae85df5f0a,10.759559,106.698361
226,Xa Lộ Hà Nội - Cát Lái (Nhánh 226),aa6af1756cc0d3fed4226105,10.802162,106.756216
227,Phạm Văn Đồng - Phan Văn Trị (Nhánh 227),846e70a736ed1759a838f270,10.825493,106.689703
228,Cộng Hòa - Hoàng Hoa Thám (Nhánh 228),9e0e24ca2d140ab722ebb2d1,10.789227,106.657421
229,Trường Chinh - Tây Thạnh (Nhánh 229),dce14b27c8f84c96bb88f84b,10.816859,106.623512
230,Nguyễn Văn Linh - Nguyễn Hữu Thọ (Nhánh 230),ec0a09aee34e00e1db9a00aa,10.742909,106.703325
231,Hoàng Văn Thụ - Nguyễn Văn Trỗi (Nhánh 231),2431c5b3c086b5b65c09374c,10.808334,106.67174
232,Đinh Bộ Lĩnh - Bạch Đằng (Nhánh 232),886455fb8ca875258c437c1c,10.819686,106.724843
233,Quang Trung - Thống Nhất (Nhánh 233),d55308eae0ae56c3a09e37cb,10.836508,106.670873
234,Lê Văn Việt - Man Thiện (Nhánh 234),aa6c392625aa188821fcdab6,10.851663,106.793349
235,Ba Tháng Hai - Lê Hồng Phong (Nhánh 235),6a5ca467b40aa3418239d669,10.763381,106.678888
236,Hùng Vương - Nguyễn Tri Phương (Nhánh 236),65c2268f628ee900396bc364,10.766667,106.65273
237,Hồng Bàng - Thuận Kiều (Nhánh 237),9ac713442dc1a50362632d08,10.744634,106.641586
238,Võ Thị Sáu - Hai Bà Trưng (Nhánh 238),eae9f1d4c81644c3b30023f1,10.786945,106.69914
239,Mai Chí Thọ - Đồng Văn Cống (Nhánh 239),64e9dde75e43744ad9c64cfa,10.795419,106.747393
240,Nguyễn Hữu Cảnh - Tôn Đức Thắng (Nhánh 240),51e831242b5ac4053c8de4e6,10.795129,106.695459
242,Kinh Dương Vương - Tên Lửa (Nhánh 242),17d7175334cfb3f38946b270,10.728673,106.612356
243,Lý Thường Kiệt - Bắc Hải (Nhánh 243),cd21c6d4ab14fa166e4b97d3,10.778873,106.657938
244,Phan Đăng Lưu - Hoàng Hoa Thám (Nhánh 244),0c7b58b6f9e1ddfadc238bdd,10.78556,106.691687
245,Võ Văn Ngân - Đặng Văn Bi (Nhánh 245),aa23d3f5111fb9b9e8ac634d,10.840764,106.769857
246,Nguyễn Oanh - Phan Văn Trị (Nhánh 246),c4f22cefe4fcf55ea34e6460,10.834433,106.670581
247,Trần Hưng Đạo - Nguyễn Văn Cừ (Nhánh 247),c0b2e01da1037074f2cb7880,10.753689,106.676026
249,An Dương Vương - Trần Phú (Nhánh 249),25be8a7efb3c0b8504c57853,10.755699,106.679541
250,Nguyễn Thị Minh Khai - Cách Mạng Tháng Tám (Nhánh 250),68828a34dc2611545c4ea212,10.765614,106.695232
252,Điện Biên Phủ - Đinh Tiên Hoàng (Nhánh 252),e0dee244b254af6eddf68178,10.787258,106.691457
253,Bạch Đằng - Xô Viết Nghệ Tĩnh (Nhánh 253),e0715dbd58d7621b4b08441e,10.800244,106.704218
254,Lê Duẩn - Pasteur (Nhánh 254),a331bcabf0cf1146db6a3564,10.775071,106.688617
255,Nguyễn Văn Trỗi - Trương Quốc Dung (Nhánh 255),6060fa7000f30912a2c38450,10.811118,106.674782
256,Hoàng Sa - Trần Quang Diệu (Nhánh 256),8c980a17f068ff7680c0a0c0,10.782602,106.681212
257,Nam Kỳ Khởi Nghĩa - Lý Chính Thắng (Nhánh 257),0b08c3f4eced437700e21ebf,10.786701,106.683432
258,Võ Văn Kiệt - Ký Con (Nhánh 258),e77ee266b987b6cc304d861b,10.773013,106.70556
259,Xa Lộ Hà Nội - Cát Lái (Nhánh 259),c9038833e5d29a951bdb9a70,10.796956,106.747493
260,Phạm Văn Đồng - Phan Văn Trị (Nhánh 260),3ba6bd55fee9edf53dad758e,10.8176,106.680285
261,Cộng Hòa - Hoàng Hoa Thám (Nhánh 261),ff961ec8a9900102b8a6643a,10.789378,106.658135
262,Trường Chinh - Tây Thạnh (Nhánh 262),bd42598ccc39292935446db1,10.82736,106.627508
264,Nguyễn Văn Linh - Nguyễn Hữu Thọ (Nhánh 264),d84d45de31ec5a1acad036cb,10.735112,106.70489
266,Hoàng Văn Thụ - Nguyễn Văn Trỗi (Nhánh 266),3cd6a36446a05b9d01d9b979,10.823531,106.680157
267,Đinh Bộ Lĩnh - Bạch Đằng (Nhánh 267),9226982d8c8af1000d409e8a,10.802177,106.703156
268,Quang Trung - Thống Nhất (Nhánh 268),e58294dfa40f13caea89a7b0,10.825648,106.664728
269,Lê Văn Việt - Man Thiện (Nhánh 269),855f7ef1bd1a41bb85c513b2,10.840449,106.771022
270,Ba Tháng Hai - Lê Hồng Phong (Nhánh 270),a57a6596f2e95b8708a0fd9c,10.765927,106.664748
271,Hùng Vương - Nguyễn Tri Phương (Nhánh 271),3f1474db08a163f81594ae87,10.771697,106.673853
272,Hồng Bàng - Thuận Kiều (Nhánh 272),42902b0de4eca2e333720e81,10.754036,106.66974
273,Võ Thị Sáu - Hai Bà Trưng (Nhánh 273),d56c7f5f320eb784f02f73a3,10.789719,106.68651
274,Mai Chí Thọ - Đồng Văn Cống (Nhánh 274),ac30c07a0a6187be94182912,10.795585,106.751111
275,Nguyễn Hữu Cảnh - Tôn Đức Thắng (Nhánh 275),b6de1e9b98e6dfa098698997,10.773802,106.704977
276,Kinh Dương Vương - Tên Lửa (Nhánh 276),c9af23f72a11e36e5dd742cc,10.735295,106.601738
277,Lý Thường Kiệt - Bắc Hải (Nhánh 277),02559f40dcbc3bf4fb1d15bb,10.783209,106.673475
278,Phan Đăng Lưu - Hoàng Hoa Thám (Nhánh 278),d86dc6986a2364d9dd0a56b6,10.790911,106.696904
279,Võ Văn Ngân - Đặng Văn Bi (Nhánh 279),ee115ad7701d6209c768cd61,10.845995,106.760603
280,Nguyễn Oanh - Phan Văn Trị (Nhánh 280),45dbbad24cb72cda5ed17b17,10.826761,106.671188
282,Trần Hưng Đạo - Nguyễn Văn Cừ (Nhánh 282),bb54892491df0ee463d88f05,10.758188,106.677852
283,An Dương Vương - Trần Phú (Nhánh 283),3c66285765a65036810a2b1e,10.758364,106.671498
284,Nguyễn Thị Minh Khai - Cách Mạng Tháng Tám (Nhánh 284),283ebfa07b4d4e3e3bafaaad,10.771588,106.683939
285,Điện Biên Phủ - Đinh Tiên Hoàng (Nhánh 285),04bd85b3174a18d99f1765f0,10.786886,106.703843
286,Bạch Đằng - Xô Viết Nghệ Tĩnh (Nhánh 286),f50aed71ba267cc670a1705a,10.805107,106.70468
287,Lê Duẩn - Pasteur (Nhánh 287),d2345399a186215741e93bf1,10.780295,106.704211
288,Nguyễn Văn Trỗi - Trương Quốc Dung (Nhánh 288),c6fcc0c6a640b181501d829e,10.782045,106.678847
289,Hoàng Sa - Trần Quang Diệu (Nhánh 289),acdd8a394ad2b3edefb3d033,10.782899,106.684065
290,Nam Kỳ Khởi Nghĩa - Lý Chính Thắng (Nhánh 290),7396943cb77b5a73cb286302,10.781494,106.670761
291,Võ Văn Kiệt - Ký Con (Nhánh 291),e81f3b056ac1a6fae039971a,10.75508,106.699885
292,Xa Lộ Hà Nội - Cát Lái (Nhánh 292),b0148ff9351a06bf3d66e0b5,10.803278,106.744865
293,Phạm Văn Đồng - Phan Văn Trị (Nhánh 293),b507d8811cebf9a16670d2ea,10.824909,106.685408
295,Cộng Hòa - Hoàng Hoa Thám (Nhánh 295),5d7ac2a8d20674374cca3124,10.800971,106.637512
296,Trường Chinh - Tây Thạnh (Nhánh 296),fb6a410ea595887bff9e3a0d,10.808985,106.629879
297,Nguyễn Văn Linh - Nguyễn Hữu Thọ (Nhánh 297),302ff4791204cfe7fc2054cb,10.723617,106.699324
299,Hoàng Văn Thụ - Nguyễn Văn Trỗi (Nhánh 299),b692b8aae104c9e15e0a619c,10.80695,106.666585
300,Đinh Bộ Lĩnh - Bạch Đằng (Nhánh 300),5f8bd20fc790619d4ea86035,10.809886,106.701762
301,Quang Trung - Thống Nhất (Nhánh 301),10db3d199b2369869f1d3917,10.842738,106.674633
302,Lê Văn Việt - Man Thiện (Nhánh 302),2446e6deaf837e9c1742e181,10.826727,106.776025
303,Ba Tháng Hai - Lê Hồng Phong (Nhánh 303),8bb95fe63fe52fe122b57e6a,10.775717,106.671776
304,Hùng Vương - Nguyễn Tri Phương (Nhánh 304),a9538957aa6cb1adfe56fac8,10.761169,106.661968
305,Hồng Bàng - Thuận Kiều (Nhánh 305),cdcb3d32d38fe264bd6deb3a,10.754793,106.656655
307,Võ Thị Sáu - Hai Bà Trưng (Nhánh 307),55fa58ee2e488133c19746ca,10.798442,106.695435
308,Mai Chí Thọ - Đồng Văn Cống (Nhánh 308),5b4c9021cf80fb29cb945fa2,10.786101,106.743505
309,Nguyễn Hữu Cảnh - Tôn Đức Thắng (Nhánh 309),42aa9990a04685833e4555b8,10.778199,106.70304
310,Kinh Dương Vương - Tên Lửa (Nhánh 310),02e12ad0884407066ee7043e,10.745456,106.609432
311,Lý Thường Kiệt - Bắc Hải (Nhánh 311),b73ce89b3af70ed5cbfefb5f,10.778118,106.674803
312,Phan Đăng Lưu - Hoàng Hoa Thám (Nhánh 312),e23214fc69c42f61d84c0fbb,10.809069,106.689792
313,Võ Văn Ngân - Đặng Văn Bi (Nhánh 313),064df8b8b0adefdae4fa5ff1,10.86081,106.761235
314,Nguyễn Oanh - Phan Văn Trị (Nhánh 314),f699359f323cf8cb74968bd1,10.815195,106.670035
315,Trần Hưng Đạo - Nguyễn Văn Cừ (Nhánh 315),8b5cb355f0646748ecc02a65,10.742834,106.681688
316,An Dương Vương - Trần Phú (Nhánh 316),2a94d5ba711ae9dbbe6dcc54,10.756347,106.685311
317,Nguyễn Thị Minh Khai - Cách Mạng Tháng Tám (Nhánh 317),0a87adad1792498e9af29ff6,10.776115,106.689447
318,Điện Biên Phủ - Đinh Tiên Hoàng (Nhánh 318),231b1b8eb51782f2857fe8f4,10.798135,106.680111
319,Bạch Đằng - Xô Viết Nghệ Tĩnh (Nhánh 319),84c0b47ba177f32a86e5389c,10.802985,106.718667
320,Lê Duẩn - Pasteur (Nhánh 320),9c8bb5d5b4337fe0714f1860,10.767671,106.70735
321,Nguyễn Văn Trỗi - Trương Quốc Dung (Nhánh 321),223369fe2f815a960f0e024d,10.798108,106.671178
323,Hoàng Sa - Trần Quang Diệu (Nhánh 323),33ee70e3b8fa619edbb5a575,10.793262,106.697666
324,Nam Kỳ Khởi Nghĩa - Lý Chính Thắng (Nhánh 324),ad8040fbdc9f394fd2733aea,10.789055,106.687186
325,Võ Văn Kiệt - Ký Con (Nhánh 325),701ea04555f769398b7325e2,10.764425,106.692701
326,Xa Lộ Hà Nội - Cát Lái (Nhánh 326),ee324fbdf76b9723ee622c71,10.807843,106.745251
327,Phạm Văn Đồng - Phan Văn Trị (Nhánh 327),c73c70c49a5334760dcd8add,10.820373,106.694879
328,Cộng Hòa - Hoàng Hoa Thám (Nhánh 328),9b8803783cb508280117133b,10.805332,106.649869
329,Trường Chinh - Tây Thạnh (Nhánh 329),8914db75dcd93097022b3c76,10.8225,106.62542
330,Nguyễn Văn Linh - Nguyễn Hữu Thọ (Nhánh 330),190cb3722f2cdbf64a0aa566,10.728341,106.69457
331,Hoàng Văn Thụ - Nguyễn Văn Trỗi (Nhánh 331),515e723afe74c0e3479e82e5,10.795346,106.674218
332,Đinh Bộ Lĩnh - Bạch Đằng (Nhánh 332),c7f65197ade1f44d8e8aefa2,10.809256,106.703423
333,Quang Trung - Thống Nhất (Nhánh 333),6c67524ccbc471fd11a3254e,10.845457,106.673945
334,Lê Văn Việt - Man Thiện (Nhánh 334),18cf84645429c660dfbddaad,10.849807,106.797414
336,Ba Tháng Hai - Lê Hồng Phong (Nhánh 336),d346bc4fc00cbd033414497e,10.76491,106.663443
337,Hùng Vương - Nguyễn Tri Phương (Nhánh 337),c67cedf0db93ee8f4b7de7ae,10.74397,106.678768
338,Hồng Bàng - Thuận Kiều (Nhánh 338),7a3749a1da12417a0060366f,10.759335,106.657455
339,Võ Thị Sáu - Hai Bà Trưng (Nhánh 339),194d13a89d961cc94472cf64,10.79134,106.684396
340,Mai Chí Thọ - Đồng Văn Cống (Nhánh 340),808e0a9d2aa406e3a199e717,10.802966,106.747834
341,Nguyễn Hữu Cảnh - Tôn Đức Thắng (Nhánh 341),c7ef0f6ad0f31c870c8eb900,10.782975,106.712306
342,Kinh Dương Vương - Tên Lửa (Nhánh 342),46fda3ca38b0e8816da505ba,10.746148,106.614591
343,Lý Thường Kiệt - Bắc Hải (Nhánh 343),c2eedb0e993147d3c93a5230,10.769476,106.661972
344,Phan Đăng Lưu - Hoàng Hoa Thám (Nhánh 344),2e4697c3db92bd33a23f92c7,10.817156,106.703163
345,Võ Văn Ngân - Đặng Văn Bi (Nhánh 345),3857f9e2fbe771ccf0aa94ef,10.863945,106.76041
346,Nguyễn Oanh - Phan Văn Trị (Nhánh 346),9badb62e57530abf92a54b27,10.823583,106.677094
348,Trần Hưng Đạo - Nguyễn Văn Cừ (Nhánh 348),181ca73af35ce42c0513543f,10.758246,106.693254
349,An Dương Vương - Trần Phú (Nhánh 349),c587fa015b454c829ad1e055,10.74266,106.684136
350,Nguyễn Thị Minh Khai - Cách Mạng Tháng Tám (Nhánh 350),1118357450a9fa3c8eedfc6c,10.772236,106.687785
351,Điện Biên Phủ - Đinh Tiên Hoàng (Nhánh 351),a6bd443ba0ae0d5a07aa2534,10.783403,106.684561
352,Bạch Đằng - Xô Viết Nghệ Tĩnh (Nhánh 352),84de917b4f1b288122e748fa,10.807685,106.713087
353,Lê Duẩn - Pasteur (Nhánh 353),f701d0e397aa1451008e1c7b,10.76918,106.687839
354,Nguyễn Văn Trỗi - Trương Quốc Dung (Nhánh 354),c5790eecc9abaedf862e6368,10.792714,106.687852
355,Hoàng Sa - Trần Quang Diệu (Nhánh 355),0ed0704c34569b5dd094f796,10.786123,106.667475
356,Nam Kỳ Khởi Nghĩa - Lý Chính Thắng (Nhánh 356),4ef55bf86df61c13599cdc1f,10.785634,106.683018
357,Võ Văn Kiệt - Ký Con (Nhánh 357),fafe7083985660e621016f7d,10.746525,106.699066
358,Xa Lộ Hà Nội - Cát Lái (Nhánh 358),c1743dd9fd891d4b82aea930,10.799353,106.75767
360,Phạm Văn Đồng - Phan Văn Trị (Nhánh 360),0ae756450c0fb9884e4b4332,10.834592,106.707713
361,Cộng Hòa - Hoàng Hoa Thám (Nhánh 361),5c03cb3e0d2bdf1de4fb7290,10.799349,106.638348
362,Trường Chinh - Tây Thạnh (Nhánh 362),76e1f3067ff3793dc87c3d1f,10.834787,106.629974
363,Nguyễn Văn Linh - Nguyễn Hữu Thọ (Nhánh 363),787a99bedc3776281b794b0e,10.730611,106.702207
364,Hoàng Văn Thụ - Nguyễn Văn Trỗi (Nhánh 364),a1fa3643e871607aa1d17007,10.800485,106.670045
365,Đinh Bộ Lĩnh - Bạch Đằng (Nhánh 365),9812b003b5399658ef5c97d2,10.798611,106.706425
366,Quang Trung - Thống Nhất (Nhánh 366),a84d5baaa9c7b2ea9a80b053,10.838238,106.658753
367,Lê Văn Việt - Man Thiện (Nhánh 367),b1f37c2f9dcd3c2d6bd360a0,10.840797,106.783251
368,Ba Tháng Hai - Lê Hồng Phong (Nhánh 368),6ac44651e6e2c5514baf0d75,10.76906,106.685432
369,Hùng Vương - Nguyễn Tri Phương (Nhánh 369),364f0771c5c482e432693b8b,10.736992,106.675532
370,Hồng Bàng - Thuận Kiều (Nhánh 370),aa0c85239a760dbb9cb99c7a,10.764069,106.641313
371,Võ Thị Sáu - Hai Bà Trưng (Nhánh 371),6969aeee7a00db16a9f0992c,10.786358,106.690428
372,Mai Chí Thọ - Đồng Văn Cống (Nhánh 372),d53f2fc25101a95ceacf2bb9,10.77214,106.740577
373,Nguyễn Hữu Cảnh - Tôn Đức Thắng (Nhánh 373),bb9e94578018111bc02dd9b2,10.773215,106.720518
374,Kinh Dương Vương - Tên Lửa (Nhánh 374),ac38ddfe350a5970d03c7c3f,10.749785,106.622972
375,Lý Thường Kiệt - Bắc Hải (Nhánh 375),c499d588e6388d9fea2434d1,10.781573,106.649168
376,Phan Đăng Lưu - Hoàng Hoa Thám (Nhánh 376),42d87fab655d5a72f41ef3d4,10.797904,106.696315
377,Võ Văn Ngân - Đặng Văn Bi (Nhánh 377),b123968f4e1191e256af7bd3,10.841423,106.770204
378,Nguyễn Oanh - Phan Văn Trị (Nhánh 378),e9c7731c149ff66aa7ff65cd,10.829577,106.675101
379,Trần Hưng Đạo - Nguyễn Văn Cừ (Nhánh 379),7e8f425c2528b9ddec0d0b92,10.763488,106.688054
380,An Dương Vương - Trần Phú (Nhánh 380),d2a00ee233405323066a0d41,10.753312,106.681175
382,Nguyễn Thị Minh Khai - Cách Mạng Tháng Tám (Nhánh 382),412dd5434be546aebc5467ea,10.764851,106.696127
384,Điện Biên Phủ - Đinh Tiên Hoàng (Nhánh 384),de5775bdc0059d50326f4574,10.796245,106.695324
385,Bạch Đằng - Xô Viết Nghệ Tĩnh (Nhánh 385),6d4bd6f07c73272bf3f77e94,10.803709,106.702491
387,Lê Duẩn - Pasteur (Nhánh 387),ac51bd4b28b7cfd083fcd6d1,10.786892,106.696721
389,Nguyễn Văn Trỗi - Trương Quốc Dung (Nhánh 389),2e54937c6c47948d64a38463,10.791218,106.682892
390,Hoàng Sa - Trần Quang Diệu (Nhánh 390),94fba7c210db48116be48e1b,10.782565,106.668232
391,Nam Kỳ Khởi Nghĩa - Lý Chính Thắng (Nhánh 391),c1edfb2df0ca1ee1cb1531da,10.775147,106.690048
392,Võ Văn Kiệt - Ký Con (Nhánh 392),e4bee4bc310080f5725d7e74,10.757857,106.713538
394,Xa Lộ Hà Nội - Cát Lái (Nhánh 394),c7514c5c558841ba60e5f483,10.784545,106.765672
395,Phạm Văn Đồng - Phan Văn Trị (Nhánh 395),64ead95034ccd188b439f31d,10.821488,106.697926
396,Cộng Hòa - Hoàng Hoa Thám (Nhánh 396),df672a46652a3fbe191b93d7,10.797141,106.650393
397,Trường Chinh - Tây Thạnh (Nhánh 397),03043e6a8f2b09ced092f8d2,10.813899,106.638326
398,Nguyễn Văn Linh - Nguyễn Hữu Thọ (Nhánh 398),78b034c80150b595df571828,10.731414,106.703602
399,Hoàng Văn Thụ - Nguyễn Văn Trỗi (Nhánh 399),4ac585789bb668b7b9712724,10.795991,106.670744
400,Đinh Bộ Lĩnh - Bạch Đằng (Nhánh 400),a9c28db7cfe0d0788a02bb96,10.805662,106.697119
401,Quang Trung - Thống Nhất (Nhánh 401),d0007830bb61d6970ff54468,10.827715,106.669046
402,Lê Văn Việt - Man Thiện (Nhánh 402),17581242abb18169fc51a3de,10.847867,106.780928
403,Ba Tháng Hai - Lê Hồng Phong (Nhánh 403),0a606eb81738d7a5b7619d29,10.771247,106.676181
404,Hùng Vương - Nguyễn Tri Phương (Nhánh 404),703d15fefc91ccb5d83a95d1,10.753882,106.660574
405,Hồng Bàng - Thuận Kiều (Nhánh 405),c2d05bf8dd2f9abf7dd34e58,10.755667,106.650073
406,Võ Thị Sáu - Hai Bà Trưng (Nhánh 406),fc2559680c6a00729f402096,10.792366,106.679779
407,Mai Chí Thọ - Đồng Văn Cống (Nhánh 407),ef6b10e06af0875d8adda4bc,10.791633,106.750581
408,Nguyễn Hữu Cảnh - Tôn Đức Thắng (Nhánh 408),dd8ce9b3f9565705426c988d,10.784148,106.714362
409,Kinh Dương Vương - Tên Lửa (Nhánh 409),a49a69b7aa4bf42fa961c189,10.755624,106.620915
410,Lý Thường Kiệt - Bắc Hải (Nhánh 410),456351bb9dc6ad020fd93ca0,10.761073,106.647963
412,Phan Đăng Lưu - Hoàng Hoa Thám (Nhánh 412),c132a06f6d02e42eaa1d10b9,10.797101,106.692609
413,Võ Văn Ngân - Đặng Văn Bi (Nhánh 413),b8498fdd1898d3ea1b24717f,10.855341,106.758694
414,Nguyễn Oanh - Phan Văn Trị (Nhánh 414),9179931f7106346985f84236,10.832994,106.672057
415,Trần Hưng Đạo - Nguyễn Văn Cừ (Nhánh 415),17f1c5b27a91dbc2065d67e3,10.752908,106.673247
416,An Dương Vương - Trần Phú (Nhánh 416),0de8d71e5116d1994f0243d6,10.748814,106.661087
418,Nguyễn Thị Minh Khai - Cách Mạng Tháng Tám (Nhánh 418),3166603588ad8c16d9b3bbae,10.765693,106.699629
419,Điện Biên Phủ - Đinh Tiên Hoàng (Nhánh 419),5e2c9986a2abfe297ee58865,10.783905,106.718859
421,Bạch Đằng - Xô Viết Nghệ Tĩnh (Nhánh 421),f6047269a02723d9b8e60456,10.805047,106.713979
422,Lê Duẩn - Pasteur (Nhánh 422),f36541242198a0c8d7a9416b,10.772633,106.703802
423,Nguyễn Văn Trỗi - Trương Quốc Dung (Nhánh 423),32b229b6703987b91ed0db6b,10.790795,106.675476
424,Hoàng Sa - Trần Quang Diệu (Nhánh 424),dd727f4a9eb3a66b06dbd8e5,10.808681,106.678732
425,Nam Kỳ Khởi Nghĩa - Lý Chính Thắng (Nhánh 425),0b0fae0e2e3c6b1d69e848e5,10.796794,106.679575
426,Võ Văn Kiệt - Ký Con (Nhánh 426),53ab032d3f5ce58931fbebaf,10.76782,106.713666
427,Xa Lộ Hà Nội - Cát Lái (Nhánh 427),c3d919a5881c4ad7ac626baa,10.796184,106.7666
428,Phạm Văn Đồng - Phan Văn Trị (Nhánh 428),806c057d8b5d4f60825d0fce,10.825462,106.6942
429,Cộng Hòa - Hoàng Hoa Thám (Nhánh 429),1c9c431300b85c08a9d664c5,10.806559,106.65498
430,Trường Chinh - Tây Thạnh (Nhánh 430),30e31af773b3a4054e395465,10.819174,106.616938
431,Nguyễn Văn Linh - Nguyễn Hữu Thọ (Nhánh 431),8195c5ae8f1a90ff093be777,10.724683,106.70042
432,Hoàng Văn Thụ - Nguyễn Văn Trỗi (Nhánh 432),7c41cdc0462569b45d800a42,10.798305,106.676165
433,Đinh Bộ Lĩnh - Bạch Đằng (Nhánh 433),26a6ace31ca7add089b09603,10.804622,106.700117
434,Quang Trung - Thống Nhất (Nhánh 434),423a615f7a2a3075b1283041,10.841542,106.667985
435,Lê Văn Việt - Man Thiện (Nhánh 435),c286d1382d07a8f91b518299,10.850978,106.791046
437,Ba Tháng Hai - Lê Hồng Phong (Nhánh 437),aee23de885a1f06108a85bd2,10.777771,106.677073
438,Hùng Vương - Nguyễn Tri Phương (Nhánh 438),70faeaf4c184168739bf7589,10.757639,106.653512
439,Hồng Bàng - Thuận Kiều (Nhánh 439),622f950463447893e909af08,10.757537,106.659562
440,Võ Thị Sáu - Hai Bà Trưng (Nhánh 440),55c9b9bf95a462a0075f6e6f,10.791273,106.683186
441,Mai Chí Thọ - Đồng Văn Cống (Nhánh 441),08d9e20b04362b91908e2cd0,10.774752,106.755225
442,Nguyễn Hữu Cảnh - Tôn Đức Thắng (Nhánh 442),8beefdaa0589ea835116a6c6,10.781784,106.711952
443,Kinh Dương Vương - Tên Lửa (Nhánh 443),2ba034e31fad7479d70230f0,10.742527,106.613038
444,Lý Thường Kiệt - Bắc Hải (Nhánh 444),11778b44f7cbb2122962890e,10.783306,106.654072
445,Phan Đăng Lưu - Hoàng Hoa Thám (Nhánh 445),645bdf20ebee6133e5d1efbc,10.802869,106.688702
446,Võ Văn Ngân - Đặng Văn Bi (Nhánh 446),a50ed0f0c7579f8f0fcc20bf,10.847724,106.762027
447,Nguyễn Oanh - Phan Văn Trị (Nhánh 447),d2256c940609b6496323d22c,10.833277,106.67427
448,Trần Hưng Đạo - Nguyễn Văn Cừ (Nhánh 448),96e60671dc46458e0eabd449,10.767846,106.677343
449,An Dương Vương - Trần Phú (Nhánh 449),a09dc3241bf8a189d95bc1d2,10.754705,106.668382
450,Nguyễn Thị Minh Khai - Cách Mạng Tháng Tám (Nhánh 450),690e954fe6f9f46ddf28e1be,10.785076,106.692772
451,Điện Biên Phủ - Đinh Tiên Hoàng (Nhánh 451),d54b8f2bda8d8ec39c892c15,10.799755,106.685916
452,Bạch Đằng - Xô Viết Nghệ Tĩnh (Nhánh 452),7c0914417af253c3ea0d437f,10.803236,106.719617
453,Lê Duẩn - Pasteur (Nhánh 453),0f5ace99b1b9f1e10aa79176,10.780158,106.706724
454,Nguyễn Văn Trỗi - Trương Quốc Dung (Nhánh 454),60d38402fcbfaad3007fedc9,10.791262,106.685775
455,Hoàng Sa - Trần Quang Diệu (Nhánh 455),93f222e4df584d2013fd7cf9,10.806591,106.676597
456,Nam Kỳ Khởi Nghĩa - Lý Chính Thắng (Nhánh 456),e32f775d07c1d763ffdf9401,10.784036,106.696827
457,Võ Văn Kiệt - Ký Con (Nhánh 457),79b1d12bd406e3059a9c0896,10.780737,106.695317
458,Xa Lộ Hà Nội - Cát Lái (Nhánh 458),b28ceeaf16378fc3b17833ea,10.797839,106.749846
459,Phạm Văn Đồng - Phan Văn Trị (Nhánh 459),99d11fc33067444bb1947a5c,10.809044,106.691351
460,Cộng Hòa - Hoàng Hoa Thám (Nhánh 460),743e366e1481b4a5537aab55,10.793467,106.641058
461,Trường Chinh - Tây Thạnh (Nhánh 461),478567d9b623bfc1d39b73f3,10.813923,106.631374
462,Nguyễn Văn Linh - Nguyễn Hữu Thọ (Nhánh 462),b622722d7af62a6a0f7380f7,10.742904,106.694413
463,Hoàng Văn Thụ - Nguyễn Văn Trỗi (Nhánh 463),413be6c71cea0c9dfd1bfbe8,10.806775,106.669488
464,Đinh Bộ Lĩnh - Bạch Đằng (Nhánh 464),37d0134df05392f19b278048,10.802804,106.716199
465,Quang Trung - Thống Nhất (Nhánh 465),a1626b49e08249bf22cde606,10.829518,106.666159
466,Lê Văn Việt - Man Thiện (Nhánh 466),f8f91d32a4a299bf3be00796,10.847832,106.78634
467,Ba Tháng Hai - Lê Hồng Phong (Nhánh 467),6e326232538571142d4ca1b8,10.773413,106.693042
468,Hùng Vương - Nguyễn Tri Phương (Nhánh 468),9dab5c065d0d32a62fe1f0cc,10.753098,106.662552
469,Hồng Bàng - Thuận Kiều (Nhánh 469),0f7ff397920aef1ba3f5bf7d,10.749115,106.653456
470,Võ Thị Sáu - Hai Bà Trưng (Nhánh 470),8a3d50844bdf32114073c0e4,10.784001,106.702912
472,Mai Chí Thọ - Đồng Văn Cống (Nhánh 472),1fda2a2a84331037b0da5feb,10.794764,106.742234
473,Nguyễn Hữu Cảnh - Tôn Đức Thắng (Nhánh 473),7f019a209197cf464abc8a08,10.775441,106.710271
474,Kinh Dương Vương - Tên Lửa (Nhánh 474),420fe393b1d89ea8a8b52a76,10.737882,106.617863
475,Lý Thường Kiệt - Bắc Hải (Nhánh 475),77459c4c1db0447b73ca9848,10.777423,106.646074
476,Phan Đăng Lưu - Hoàng Hoa Thám (Nhánh 476),6db52e8492a62a63ba31cd93,10.81448,106.706767
477,Võ Văn Ngân - Đặng Văn Bi (Nhánh 477),71c05e26bb3e644e31489ca8,10.846298,106.761398
478,Nguyễn Oanh - Phan Văn Trị (Nhánh 478),3cf1978870aed71a4c951fb9,10.833787,106.680776
479,Trần Hưng Đạo - Nguyễn Văn Cừ (Nhánh 479),f0c5c567bbcde8970c2bad37,10.763068,106.700582
480,An Dương Vương - Trần Phú (Nhánh 480),25798035870ef3ad2fc9c7ff,10.754784,106.665514
481,Nguyễn Thị Minh Khai - Cách Mạng Tháng Tám (Nhánh 481),5d24f1c44c7b0ffdfff7394f,10.762465,106.685353
482,Điện Biên Phủ - Đinh Tiên Hoàng (Nhánh 482),e7fc52073a5a977f0c8132c9,10.791235,106.712156
483,Bạch Đằng - Xô Viết Nghệ Tĩnh (Nhánh 483),d5fa009dea6d3ac67e3ef3c0,10.796959,106.71429
484,Lê Duẩn - Pasteur (Nhánh 484),0a5497ea33e0b239fa3e4a4a,10.779369,106.707707
485,Nguyễn Văn Trỗi - Trương Quốc Dung (Nhánh 485),b11bfada78e741920fd7111c,10.815615,106.670253
486,Hoàng Sa - Trần Quang Diệu (Nhánh 486),94adf2847683da1e22ab3bd1,10.784284,106.687853
487,Nam Kỳ Khởi Nghĩa - Lý Chính Thắng (Nhánh 487),d1a991ee848d42cfd211156f,10.793055,106.699974
488,Võ Văn Kiệt - Ký Con (Nhánh 488),4239393f5a16de2381219f80,10.772771,106.696626
489,Xa Lộ Hà Nội - Cát Lái (Nhánh 489),8e5368ad94c90c4d74d6bd26,10.805925,106.76097
490,Phạm Văn Đồng - Phan Văn Trị (Nhánh 490),95931659068bbd2c606505cf,10.826364,106.702758
491,Cộng Hòa - Hoàng Hoa Thám (Nhánh 491),b514f8ab714cfd9b9ab09d22,10.810033,106.656554
492,Trường Chinh - Tây Thạnh (Nhánh 492),01be451c33ed616115ea0933,10.825257,106.63469
493,Nguyễn Văn Linh - Nguyễn Hữu Thọ (Nhánh 493),aeefd8d09ea0cade3a6519bd,10.729163,106.703574
495,Hoàng Văn Thụ - Nguyễn Văn Trỗi (Nhánh 495),84e1a22c57b75aac81866e03,10.808552,106.664665
496,Đinh Bộ Lĩnh - Bạch Đằng (Nhánh 496),4ed712ca1b66e9d46397b116,10.806149,106.707653
497,Quang Trung - Thống Nhất (Nhánh 497),dd90aa43b7962f6a49864e3f,10.83873,106.673328
498,Lê Văn Việt - Man Thiện (Nhánh 498),8ffc200427022a37604eba84,10.848029,106.782771
499,Ba Tháng Hai - Lê Hồng Phong (Nhánh 499),df1f7514dac432320272411b,10.760221,106.67937
500,Hùng Vương - Nguyễn Tri Phương (Nhánh 500),aaf1fc2e8ae886e56eea9b28,10.763364,106.684106
501,Hồng Bàng - Thuận Kiều (Nhánh 501),731fcfc57145517d558fa75f,10.751638,106.659653
502,Võ Thị Sáu - Hai Bà Trưng (Nhánh 502),e49d6d633d3eb128d5a07a1b,10.791095,106.70602
503,Mai Chí Thọ - Đồng Văn Cống (Nhánh 503),c5115f4df6adf3fe0b4dd611,10.782638,106.749032
504,Nguyễn Hữu Cảnh - Tôn Đức Thắng (Nhánh 504),f319ea3fd93c6a45f0c5664c,10.786963,106.707993
505,Kinh Dương Vương - Tên Lửa (Nhánh 505),c2a0cbc519c2a89d3156c4e8,10.738729,106.614353
507,Lý Thường Kiệt - Bắc Hải (Nhánh 507),83955e9c8ced5640c86c796f,10.784389,106.649988
508,Phan Đăng Lưu - Hoàng Hoa Thám (Nhánh 508),155ddcb38c3cc6ca77ae5e64,10.803164,106.686799
509,Võ Văn Ngân - Đặng Văn Bi (Nhánh 509),bcf76c47a8f4bf0d63060f08,10.86076,106.752315
510,Nguyễn Oanh - Phan Văn Trị (Nhánh 510),b59e05d2e4bc5d30364ee432,10.827029,106.681118
511,Trần Hưng Đạo - Nguyễn Văn Cừ (Nhánh 511),fbd3565b1f3e7a030e0bc3b7,10.770324,106.683974
512,An Dương Vương - Trần Phú (Nhánh 512),39b67187fd81846701b7153a,10.751758,106.686949
513,Nguyễn Thị Minh Khai - Cách Mạng Tháng Tám (Nhánh 513),18d00b207cb82c41375f9d85,10.761916,106.67361
514,Điện Biên Phủ - Đinh Tiên Hoàng (Nhánh 514),cd4e3ee7713684b8b7a6f62d,10.79502,106.693784
515,Bạch Đằng - Xô Viết Nghệ Tĩnh (Nhánh 515),ea98b0a4b440b46d0ef79277,10.79293,106.718167
516,Lê Duẩn - Pasteur (Nhánh 516),fa91b652c352ec10e3bad5da,10.78145,106.693687
517,Nguyễn Văn Trỗi - Trương Quốc Dung (Nhánh 517),4797d3654077d1a6e482ed35,10.785158,106.68148
518,Hoàng Sa - Trần Quang Diệu (Nhánh 518),e50813ef6572af621e9006fd,10.793402,106.678707
519,Nam Kỳ Khởi Nghĩa - Lý Chính Thắng (Nhánh 519),c4579288e691c1a231f78e67,10.802373,106.676639
520,Võ Văn Kiệt - Ký Con (Nhánh 520),52048d47bd325a384d06d6ee,10.755896,106.693965
523,Xa Lộ Hà Nội - Cát Lái (Nhánh 523),783356e1d9ad3468e2c7be9f,10.800835,106.754047
524,Phạm Văn Đồng - Phan Văn Trị (Nhánh 524),04634aea4b0707d8f91f8f17,10.81787,106.701516
525,Cộng Hòa - Hoàng Hoa Thám (Nhánh 525),bceff848428c477e7d18f219,10.791488,106.65875
526,Trường Chinh - Tây Thạnh (Nhánh 526),416f980df38281454e5e8dc9,10.813543,106.638438
527,Nguyễn Văn Linh - Nguyễn Hữu Thọ (Nhánh 527),571f9dbd383bb031c6616934,10.733242,106.706054
528,Hoàng Văn Thụ - Nguyễn Văn Trỗi (Nhánh 528),d65841ae88d9a8307c2a6c1f,10.803458,106.674782
529,Đinh Bộ Lĩnh - Bạch Đằng (Nhánh 529),34540a0da9b321ec0c3164ad,10.808342,106.721433
530,Quang Trung - Thống Nhất (Nhánh 530),2480a3b241af40386ea941d1,10.840072,106.668772
531,Lê Văn Việt - Man Thiện (Nhánh 531),550ae68971c9d1254905835e,10.845782,106.793921
532,Ba Tháng Hai - Lê Hồng Phong (Nhánh 532),3abc13779b66c791f67e6659,10.765689,106.687808
534,Hùng Vương - Nguyễn Tri Phương (Nhánh 534),17dc28626109d11bbfa9a92b,10.757879,106.655354
535,Hồng Bàng - Thuận Kiều (Nhánh 535),495bc232d92bd45c4879f3f7,10.755125,106.652452
536,Võ Thị Sáu - Hai Bà Trưng (Nhánh 536),2e2ddcc9f5139a2b313472f2,10.795825,106.688179
537,Mai Chí Thọ - Đồng Văn Cống (Nhánh 537),a56e031a2ad03719a3385fd1,10.779831,106.731684
538,Nguyễn Hữu Cảnh - Tôn Đức Thắng (Nhánh 538),9dfecf52ef46ab44f4fd52b2,10.778482,106.687109
539,Kinh Dương Vương - Tên Lửa (Nhánh 539),53609f645148f4b0b911e657,10.729629,106.618883
540,Lý Thường Kiệt - Bắc Hải (Nhánh 540),c57d15c18eb334dddd7463d8,10.782086,106.661604
541,Phan Đăng Lưu - Hoàng Hoa Thám (Nhánh 541),88c1e53b99cb1624217859b7,10.794364,106.692018
542,Võ Văn Ngân - Đặng Văn Bi (Nhánh 542),2953f6115779cbc74fb8e510,10.851171,106.755233
543,Nguyễn Oanh - Phan Văn Trị (Nhánh 543),4c674039769ce8e543b0c902,10.843527,106.685119
544,Trần Hưng Đạo - Nguyễn Văn Cừ (Nhánh 544),62b598e8c98fa285892b789b,10.756032,106.684715
545,An Dương Vương - Trần Phú (Nhánh 545),e1abaeca2de46ee3a41a06f7,10.757867,106.655566
546,Nguyễn Thị Minh Khai - Cách Mạng Tháng Tám (Nhánh 546),1aa4329f9b4c948675f546aa,10.771523,106.685744
547,Điện Biên Phủ - Đinh Tiên Hoàng (Nhánh 547),3dd1fc9fdf8283186934bffb,10.783487,106.695551
548,Bạch Đằng - Xô Viết Nghệ Tĩnh (Nhánh 548),3c292fb306c9d34ec9f4cbcb,10.815481,106.717627
549,Lê Duẩn - Pasteur (Nhánh 549),e43c0139ea55526849577c33,10.774931,106.702781
550,Nguyễn Văn Trỗi - Trương Quốc Dung (Nhánh 550),103d9e3e3f7939ee37b5e018,10.806595,106.681897
551,Hoàng Sa - Trần Quang Diệu (Nhánh 551),fc8a8c567641b2d03f3ff2e0,10.788677,106.674325
552,Nam Kỳ Khởi Nghĩa - Lý Chính Thắng (Nhánh 552),835a2bfa1987cf6d3a7b1b61,10.793186,106.688348
553,Võ Văn Kiệt - Ký Con (Nhánh 553),a7bd9c98458cd9d232f85667,10.775262,106.704581
554,Xa Lộ Hà Nội - Cát Lái (Nhánh 554),88c0ce05624580d66ba55735,10.809596,106.747818
555,Phạm Văn Đồng - Phan Văn Trị (Nhánh 555),96df6180835e6a568d5357cf,10.830339,106.700281
556,Cộng Hòa - Hoàng Hoa Thám (Nhánh 556),51002f14840f779f7fed42fb,10.818102,106.641686
557,Trường Chinh - Tây Thạnh (Nhánh 557),67e28a15e25ae59bcab6e741,10.828088,106.631083
558,Nguyễn Văn Linh - Nguyễn Hữu Thọ (Nhánh 558),99d62dab5dda21d8cd9fc121,10.725289,106.698529
559,Hoàng Văn Thụ - Nguyễn Văn Trỗi (Nhánh 559),375ff6dd860853d9e81d61aa,10.796337,106.674593
560,Đinh Bộ Lĩnh - Bạch Đằng (Nhánh 560),c13535411246b77db40e9961,10.807383,106.70621
561,Quang Trung - Thống Nhất (Nhánh 561),6b7c2e9f455d5571d2b097f3,10.838305,106.680238
562,Lê Văn Việt - Man Thiện (Nhánh 562),a6887f1b616fe5ce99f6e398,10.86032,106.785891
563,Ba Tháng Hai - Lê Hồng Phong (Nhánh 563),73c763d0fb402f9595da68aa,10.771404,106.67436
564,Hùng Vương - Nguyễn Tri Phương (Nhánh 564),f61e2e656cc19a279f9539f1,10.763108,106.658618
565,Hồng Bàng - Thuận Kiều (Nhánh 565),0ef4e45a9cfefee63eaeecd9,10.752041,106.644551
566,Võ Thị Sáu - Hai Bà Trưng (Nhánh 566),7795a09594212a47b3ae2b71,10.792294,106.698578
567,Mai Chí Thọ - Đồng Văn Cống (Nhánh 567),2a4b2764225b15476fdd4172,10.779535,106.759392
568,Nguyễn Hữu Cảnh - Tôn Đức Thắng (Nhánh 568),edc6e52afda026ba1ee0cace,10.772294,106.694785
569,Kinh Dương Vương - Tên Lửa (Nhánh 569),cedcf25d3419203edfe5bda2,10.744096,106.621177
570,Lý Thường Kiệt - Bắc Hải (Nhánh 570),a04aca303887270a007c57f9,10.789271,106.654529
571,Phan Đăng Lưu - Hoàng Hoa Thám (Nhánh 571),8198af3ea311dfdf7f6620f9,10.810729,106.692092
572,Võ Văn Ngân - Đặng Văn Bi (Nhánh 572),33cb425fad59fd427e1a3817,10.849819,106.771569
573,Nguyễn Oanh - Phan Văn Trị (Nhánh 573),8c47b19594a69eefc41c9067,10.836719,106.665489
574,Trần Hưng Đạo - Nguyễn Văn Cừ (Nhánh 574),c43ee5f6a6ce62e4f6d91fe8,10.769612,106.695541
575,An Dương Vương - Trần Phú (Nhánh 575),e826ddf1481c21271751f96a,10.751195,106.675066
576,Nguyễn Thị Minh Khai - Cách Mạng Tháng Tám (Nhánh 576),e25dfb1fd69aaec45464ee04,10.777452,106.693285
577,Điện Biên Phủ - Đinh Tiên Hoàng (Nhánh 577),600ae657a4695cec36f3ff8c,10.787098,106.692427
578,Bạch Đằng - Xô Viết Nghệ Tĩnh (Nhánh 578),f56d7c018607bbaa020087d5,10.800896,106.721882
579,Lê Duẩn - Pasteur (Nhánh 579),f829c1aba75a0ac22f683654,10.783849,106.695235
580,Nguyễn Văn Trỗi - Trương Quốc Dung (Nhánh 580),5a0fa258e5c62d3effcc366b,10.801574,106.651712
581,Hoàng Sa - Trần Quang Diệu (Nhánh 581),8d33bca3906a68da4ce3b5fb,10.79739,106.665582
582,Nam Kỳ Khởi Nghĩa - Lý Chính Thắng (Nhánh 582),bf8ce559224581ff4a7c380f,10.7847,106.676243
583,Võ Văn Kiệt - Ký Con (Nhánh 583),31ae17abceb7d92740360bc0,10.757743,106.708787
584,Xa Lộ Hà Nội - Cát Lái (Nhánh 584),a281add4fa44ed7ab1709d78,10.797458,106.754872
585,Phạm Văn Đồng - Phan Văn Trị (Nhánh 585),c22115f2cfdb17ec3ffacf98,10.819425,106.702516
586,Cộng Hòa - Hoàng Hoa Thám (Nhánh 586),9fba0b5d609850fe150a492f,10.802115,106.636936
587,Trường Chinh - Tây Thạnh (Nhánh 587),4e2e40d55b05fb9065fec9e0,10.82217,106.62555
588,Nguyễn Văn Linh - Nguyễn Hữu Thọ (Nhánh 588),f9f79fd46299f26ec840aa24,10.718047,106.698975
589,Hoàng Văn Thụ - Nguyễn Văn Trỗi (Nhánh 589),21d6eb93fc59c676b723abc6,10.810906,106.678002
590,Đinh Bộ Lĩnh - Bạch Đằng (Nhánh 590),f52cb176326062435a20fc2c,10.800411,106.708006
591,Quang Trung - Thống Nhất (Nhánh 591),5a92e9313e7c8d505ef18e8e,10.835927,106.679714
592,Lê Văn Việt - Man Thiện (Nhánh 592),068d797b5eb3f7670aad8537,10.849555,106.78584
593,Ba Tháng Hai - Lê Hồng Phong (Nhánh 593),70d8c0e9f09ec50702a7711e,10.779342,106.67531
594,Hùng Vương - Nguyễn Tri Phương (Nhánh 594),fbe130a6e5635e844c459926,10.756128,106.665229
595,Hồng Bàng - Thuận Kiều (Nhánh 595),5e57b9cb9c1e2da075e6c5b1,10.753527,106.657602
596,Võ Thị Sáu - Hai Bà Trưng (Nhánh 596),11e578736fc82ba9cfbb47a5,10.794921,106.693816
597,Mai Chí Thọ - Đồng Văn Cống (Nhánh 597),5c8d2006ba5d534faf09ae94,10.789261,106.746154
598,Nguyễn Hữu Cảnh - Tôn Đức Thắng (Nhánh 598),95cc62f3e93a62cbb26614c3,10.782729,106.690514
599,Kinh Dương Vương - Tên Lửa (Nhánh 599),e77b87a18d250dce7fe91522,10.749631,106.615572
600,Lý Thường Kiệt - Bắc Hải (Nhánh 600),31436069cc3c28d5ae807d4d,10.783784,106.63503
601,Phan Đăng Lưu - Hoàng Hoa Thám (Nhánh 601),7d6407459f7b804fc9473259,10.818807,106.691283
602,Võ Văn Ngân - Đặng Văn Bi (Nhánh 602),cfa5952fb56bb14a429289ca,10.860065,106.756181
603,Nguyễn Oanh - Phan Văn Trị (Nhánh 603),6f15195d26084cefd5ed9559,10.836402,106.669673
604,Trần Hưng Đạo - Nguyễn Văn Cừ (Nhánh 604),22bab77c7c75a526989a16ba,10.75281,106.699812
605,An Dương Vương - Trần Phú (Nhánh 605),786aa67bdb6225b04d8157eb,10.754675,106.673639
606,Nguyễn Thị Minh Khai - Cách Mạng Tháng Tám (Nhánh 606),40048b61e16a643cc8efc55c,10.780461,106.695165
607,Điện Biên Phủ - Đinh Tiên Hoàng (Nhánh 607),a335868e1cb7e326bdb94f97,10.792703,106.70072
608,Bạch Đằng - Xô Viết Nghệ Tĩnh (Nhánh 608),a23c06b019808aa429bd7040,10.820327,106.712039
609,Lê Duẩn - Pasteur (Nhánh 609),f12203f7a7ce2145070f188a,10.781109,106.706605
610,Nguyễn Văn Trỗi - Trương Quốc Dung (Nhánh 610),d18e9b159dd7cf5171ad4cb8,10.804244,106.683996
612,Hoàng Sa - Trần Quang Diệu (Nhánh 612),d1b4c070bd4945f40360bb05,10.79331,106.670356
613,Nam Kỳ Khởi Nghĩa - Lý Chính Thắng (Nhánh 613),df20e993f392cff174d0451a,10.800667,106.676029
614,Võ Văn Kiệt - Ký Con (Nhánh 614),ca2c52c441cd9e1412ea353e,10.770521,106.693466
615,Xa Lộ Hà Nội - Cát Lái (Nhánh 615),df6e7a8ddffd8a54208f1b01,10.800687,106.75473
616,Phạm Văn Đồng - Phan Văn Trị (Nhánh 616),9984b3b67f03f6a0a23284fc,10.822371,106.702075
617,Cộng Hòa - Hoàng Hoa Thám (Nhánh 617),b78653af997d81dc68f0321a,10.81441,106.650828
618,Trường Chinh - Tây Thạnh (Nhánh 618),31250ca56c939df967117a90,10.812247,106.637213
619,Nguyễn Văn Linh - Nguyễn Hữu Thọ (Nhánh 619),d1c956f6d170b4711797f03d,10.740016,106.692579
620,Hoàng Văn Thụ - Nguyễn Văn Trỗi (Nhánh 620),10a152708be9a95ac850f8aa,10.803679,106.676809
621,Đinh Bộ Lĩnh - Bạch Đằng (Nhánh 621),4213dc140b4cddf87e080f00,10.800819,106.721806
622,Quang Trung - Thống Nhất (Nhánh 622),996e7dd5877e5ff6cdcc7419,10.8373,106.664105
623,Lê Văn Việt - Man Thiện (Nhánh 623),69e54272200a6a1ed9d25954,10.845115,106.782525
626,Ba Tháng Hai - Lê Hồng Phong (Nhánh 626),5e4828b9b3e5d485d02f3734,10.76233,106.66188
627,Hùng Vương - Nguyễn Tri Phương (Nhánh 627),1557b6fad138dd0193c72e98,10.770956,106.660024
628,Hồng Bàng - Thuận Kiều (Nhánh 628),92f2934a45c9a6d421ca63ec,10.746169,106.640673
629,Võ Thị Sáu - Hai Bà Trưng (Nhánh 629),212bf5d3639c677351e832a5,10.783988,106.682815
630,Mai Chí Thọ - Đồng Văn Cống (Nhánh 630),e180e176d096e27f3c63e592,10.796536,106.754879
631,Nguyễn Hữu Cảnh - Tôn Đức Thắng (Nhánh 631),22b4879c5c7b59556010c7b5,10.776595,106.724519
632,Kinh Dương Vương - Tên Lửa (Nhánh 632),ed63a7368eeeb74082534954,10.750154,106.610201
633,Lý Thường Kiệt - Bắc Hải (Nhánh 633),bdfd8963b5d62e4cd4ce9489,10.755805,106.676528
634,Phan Đăng Lưu - Hoàng Hoa Thám (Nhánh 634),52ef3ee6609e851262149ed9,10.790983,106.679237
635,Võ Văn Ngân - Đặng Văn Bi (Nhánh 635),9c67c3d10a38d038cf4f854a,10.859381,106.784018
636,Nguyễn Oanh - Phan Văn Trị (Nhánh 636),adffedbcf0fa32daf90d66cc,10.842574,106.682611
637,Trần Hưng Đạo - Nguyễn Văn Cừ (Nhánh 637),e0a2a99ce186f40f1c40ed8a,10.762558,106.691327
638,An Dương Vương - Trần Phú (Nhánh 638),30b3752dbc20b59b01ca50b9,10.762271,106.67415
640,Nguyễn Thị Minh Khai - Cách Mạng Tháng Tám (Nhánh 640),ec05ed9c088b4e7b3399986a,10.774334,106.690699
642,Điện Biên Phủ - Đinh Tiên Hoàng (Nhánh 642),4e45cda6c842b405d5b00a7d,10.785468,106.695555
644,Bạch Đằng - Xô Viết Nghệ Tĩnh (Nhánh 644),a8f43ce81ba5b7012645198c,10.787556,106.711713
645,Lê Duẩn - Pasteur (Nhánh 645),3838ee20a2181c75c0a5cd7b,10.771591,106.689371
646,Nguyễn Văn Trỗi - Trương Quốc Dung (Nhánh 646),17b6d5506692cc1400180ec0,10.796839,106.685636
647,Hoàng Sa - Trần Quang Diệu (Nhánh 647),f3bdb3c45cb2ebb48c02b91c,10.795547,106.666936
648,Nam Kỳ Khởi Nghĩa - Lý Chính Thắng (Nhánh 648),8a34536e101722f4e615dd8a,10.779683,106.692726
650,Võ Văn Kiệt - Ký Con (Nhánh 650),28589282474ce40e7ac7339b,10.76024,106.697703
652,Xa Lộ Hà Nội - Cát Lái (Nhánh 652),4e5bea707869cf39b1e6440d,10.8056,106.744353
653,Phạm Văn Đồng - Phan Văn Trị (Nhánh 653),6ce7071a1562c6f44bfb4ae3,10.820643,106.688028
654,Cộng Hòa - Hoàng Hoa Thám (Nhánh 654),5869950c2814ac5befe824bf,10.796689,106.649758
655,Trường Chinh - Tây Thạnh (Nhánh 655),babfa81c3f7ebbb36b9e6e2f,10.801456,106.633024
656,Nguyễn Văn Linh - Nguyễn Hữu Thọ (Nhánh 656),f0069b42233b4b1295441a7a,10.730343,106.70682
657,Hoàng Văn Thụ - Nguyễn Văn Trỗi (Nhánh 657),192e7d7d3d612f9221ec935e,10.800691,106.682113
