station_id,image_count,first_timestamp,last_timestamp,first_datetime_ict,last_datetime_ict,mean_delta_t_sec,median_delta_t_sec
100,2,1752627337,1752627667,2025-07-16 07:55:37,2025-07-16 08:01:07,330.0,330.0
101,6,1755698814,1758021662,2025-08-20 21:06:54,2025-09-16 18:21:02,464569.6,63854.0
102,6,1752858695,1758021662,2025-07-19 00:11:35,2025-09-16 18:21:02,1032593.4,810010.0
103,6,1755698814,1758021662,2025-08-20 21:06:54,2025-09-16 18:21:02,464569.6,63854.0
104,7,1752858613,1758021662,2025-07-19 00:10:13,2025-09-16 18:21:02,860508.2,457835.5
105,5,1755698814,1758021662,2025-08-20 21:06:54,2025-09-16 18:21:02,580712.0,436932.0
106,6,1752858695,1758021662,2025-07-19 00:11:35,2025-09-16 18:21:02,1032593.4,810010.0
107,3,1752858668,1758021662,2025-07-19 00:11:08,2025-09-16 18:21:02,2581497.0,2581497.0
108,6,1752964441,1758021662,2025-07-20 05:34:01,2025-09-16 18:21:02,1011444.2,810010.0
109,3,1752858614,1755698814,2025-07-19 00:10:14,2025-08-20 21:06:54,1420100.0,1420100.0
