source_station_id,target_station_id,source_idx,target_idx,distance_km,distance_m,is_bidirectional,reverse_distance_km,distance_diff_m
1,7,0,5,1.74,1740.0,False,,
1,37,0,33,1.13,1130.0,False,,
1,117,0,108,1.65,1650.0,False,,
1,167,0,156,1.53,1530.0,True,2.03,500.0
1,409,0,377,1.79,1790.0,False,,
1,486,0,449,0.345,345.0,True,0.901,556.0
1,589,0,547,0.38,380.0,False,,
2,39,1,35,2.53,2530.0,True,2.86,330.0
2,199,1,186,2.8,2800.0,True,2.8,0.0
2,244,1,229,4.67,4670.0,False,,
2,354,1,328,5.56,5560.0,False,,
2,385,1,356,2.35,2350.0,False,,
2,412,1,379,3.19,3190.0,False,,
2,468,1,432,2.46,2460.0,True,2.36,100.0
2,613,1,570,4.64,4640.0,False,,
3,52,2,48,1.99,1990.0,False,,
3,400,2,368,0.664,664.0,True,0.547,117.0
3,425,2,390,1.12,1120.0,True,1.32,200.0
4,65,3,61,0.843,843.0,True,0.125,718.0
4,108,3,100,0.852,852.0,False,,
4,189,3,177,1.27,1270.0,False,,
4,331,3,307,1.1,1100.0,True,1.09,10.0
4,543,3,501,0.515,515.0,True,0.387,128.0
4,561,3,519,0.868,868.0,False,,
4,607,3,565,0.595,595.0,True,0.575,20.0
4,622,3,579,0.91,910.0,False,,
5,569,4,527,0.381,381.0,True,0.325,56.0
5,626,4,581,0.222,222.0,False,,
7,117,5,108,0.2,200.0,True,0.2,0.0
7,409,5,377,0.336,336.0,True,0.302,34.0
9,49,6,45,0.433,433.0,False,,
9,204,6,190,1.1,1100.0,True,0.745,355.0
9,488,6,451,0.46,460.0,False,,
10,244,7,229,0.611,611.0,False,,
10,391,7,360,1.97,1970.0,False,,
10,468,7,432,0.454,454.0,True,0.456,2.0
11,149,8,140,0.886,886.0,True,0.75,136.0
11,154,8,144,2.21,2210.0,True,1.84,370.0
11,245,8,230,3.88,3880.0,False,,
11,276,8,257,1.54,1540.0,True,1.53,10.0
11,279,8,260,3.92,3920.0,False,,
11,387,8,357,2.72,2720.0,True,2.52,200.0
11,415,8,382,1.81,1810.0,True,1.47,340.0
11,429,8,394,3.7,3700.0,False,,
11,504,8,466,4.3,4300.0,False,,
11,510,8,471,2.84,2840.0,True,2.46,380.0
12,303,9,281,1.3,1300.0,False,,
13,84,10,78,0.066,66.0,True,0.08,14.0
14,29,11,26,1.36,1360.0,True,1.34,20.0
14,111,11,103,1.69,1690.0,True,1.63,60.0
14,280,11,261,5.222,5222.0,False,,
14,377,11,350,3.772,3772.0,True,3.71,62.0
14,446,11,410,3.248,3248.0,False,,
14,475,11,438,5.35,5350.0,True,5.74,390.0
15,97,12,90,0.577,577.0,True,0.626,49.0
15,138,12,129,0.812,812.0,False,,
15,175,12,164,1.6,1600.0,True,2.821,1221.0
15,433,12,398,0.825,825.0,True,0.825,0.0
15,504,12,466,1.7,1700.0,True,2.11,410.0
15,580,12,538,0.777,777.0,True,0.913,136.0
15,591,12,549,0.387,387.0,True,0.4,13.0
15,595,12,553,0.854,854.0,False,,
15,656,12,606,1.1,1100.0,True,1.12,20.0
16,44,13,40,0.265,265.0,True,0.25,15.0
16,389,13,358,0.58,580.0,True,0.508,72.0
17,575,14,533,1.31,1310.0,False,,
18,81,15,75,0.55,550.0,False,,
18,224,15,210,0.306,306.0,True,0.28,26.0
18,532,15,491,0.26,260.0,True,0.256,4.0
18,619,15,576,0.306,306.0,True,0.281,25.0
19,37,16,33,0.704,704.0,True,0.7,4.0
19,226,16,212,0.273,273.0,True,0.269,4.0
19,551,16,509,0.213,213.0,True,0.238,25.0
20,404,17,372,0.581,581.0,True,0.619,38.0
21,300,18,278,3.08,3080.0,False,,
21,515,18,476,0.056,56.0,False,,
22,180,19,169,0.586,586.0,True,0.58,6.0
22,621,19,578,1.05,1050.0,True,1.04,10.0
23,45,20,41,0.165,165.0,True,0.187,22.0
23,223,20,209,1.14,1140.0,False,,
23,310,20,287,1.48,1480.0,False,,
23,545,20,503,0.782,782.0,False,,
23,623,20,580,1.09,1090.0,True,1.09,0.0
23,654,20,604,1.43,1430.0,False,,
24,285,21,265,0.47,470.0,False,,
24,508,21,469,0.825,825.0,True,0.797,28.0
25,264,22,246,0.01,10.0,True,0.01,0.0
25,412,22,379,0.971,971.0,True,0.953,18.0
26,213,23,199,0.832,832.0,True,0.823,9.0
26,295,23,274,0.65,650.0,True,0.666,16.0
26,312,23,289,0.966,966.0,False,,
26,333,23,309,0.351,351.0,True,0.355,4.0
26,337,23,312,1.64,1640.0,False,,
26,400,23,368,2.32,2320.0,False,,
26,574,23,532,0.748,748.0,True,0.697,51.0
26,603,23,561,1.61,1610.0,True,1.56,50.0
27,34,24,31,0.724,724.0,True,0.877,153.0
27,37,24,33,0.325,325.0,True,0.325,0.0
27,70,24,66,0.11,110.0,True,0.098,12.0
27,172,24,161,0.958,958.0,True,0.684,274.0
27,185,24,174,0.804,804.0,True,0.778,26.0
27,486,24,449,0.23,230.0,True,0.212,18.0
27,599,24,557,0.766,766.0,True,0.66,106.0
28,5,25,4,0.25,250.0,False,,
28,626,25,581,0.024,24.0,True,0.036,12.0
29,14,26,11,1.34,1340.0,True,1.36,20.0
29,111,26,103,2.06,2060.0,True,2.01,50.0
29,245,26,230,1.38,1380.0,False,,
29,274,26,255,3.26,3260.0,False,,
29,398,26,366,0.7,700.0,True,0.665,35.0
29,475,26,438,1.39,1390.0,True,1.34,50.0
30,194,27,181,4.19,4190.0,True,4.34,150.0
30,564,27,522,0.79,790.0,True,0.809,19.0
31,20,28,17,1.388,1388.0,False,,
31,321,28,298,0.16,160.0,True,0.831,671.0
31,376,28,349,1.898,1898.0,False,,
31,404,28,372,0.547,547.0,True,0.397,150.0
32,20,29,17,1.34,1340.0,False,,
32,305,29,283,1.08,1080.0,False,,
32,336,29,311,0.706,706.0,True,0.543,163.0
32,367,29,340,0.694,694.0,False,,
32,376,29,349,0.774,774.0,True,0.493,281.0
32,568,29,526,1.62,1620.0,False,,
33,4,30,3,0.409,409.0,False,,
33,543,30,501,0.35,350.0,True,0.362,12.0
33,607,30,565,0.544,544.0,True,0.543,1.0
33,628,30,583,0.177,177.0,True,0.176,1.0
34,1,31,0,0.926,926.0,False,,
34,27,31,24,0.877,877.0,True,0.724,153.0
34,70,31,66,0.36,360.0,True,0.01,350.0
34,94,31,87,1.18,1180.0,True,1.172,8.0
34,128,31,119,0.616,616.0,True,1.107,491.0
34,172,31,161,0.99,990.0,True,0.563,427.0
34,185,31,174,0.836,836.0,True,0.657,179.0
34,341,31,316,1.08,1080.0,False,,
34,589,31,547,0.844,844.0,False,,
34,599,31,557,0.626,626.0,True,0.539,87.0
35,79,32,73,1.4,1400.0,False,,
35,378,32,351,0.477,477.0,False,,
35,456,32,420,0.472,472.0,True,0.683,211.0
35,479,32,442,0.434,434.0,True,0.869,435.0
35,481,32,444,0.427,427.0,True,0.404,23.0
37,7,33,5,2.02,2020.0,False,,
37,19,33,16,0.7,700.0,True,0.704,4.0
37,27,33,24,0.325,325.0,True,0.325,0.0
37,117,33,108,1.95,1950.0,True,1.74,210.0
37,131,33,122,2.18,2180.0,False,,
37,167,33,156,1.63,1630.0,False,,
37,185,33,174,1.25,1250.0,False,,
37,226,33,212,1.42,1420.0,False,,
37,312,33,289,2.42,2420.0,False,,
37,345,33,320,1.98,1980.0,False,,
37,409,33,377,2.04,2040.0,False,,
37,503,33,465,2.07,2070.0,True,1.63,440.0
37,551,33,509,0.88,880.0,False,,
38,320,34,297,0.783,783.0,True,0.488,295.0
38,340,34,315,0.604,604.0,False,,
38,535,34,493,0.505,505.0,True,0.207,298.0
38,600,34,558,0.45,450.0,True,0.481,31.0
39,2,35,1,2.86,2860.0,True,2.53,330.0
39,391,35,360,0.883,883.0,True,0.968,85.0
39,408,35,376,0.155,155.0,True,0.165,10.0
39,468,35,432,0.256,256.0,True,0.868,612.0
40,9,36,6,0.511,511.0,False,,
40,41,36,37,1.3,1300.0,False,,
40,133,36,124,0.25,250.0,False,,
40,156,36,146,1.38,1380.0,False,,
40,601,36,559,2.4,2400.0,False,,
40,605,36,563,1.98,1980.0,False,,
41,95,37,88,1.96,1960.0,False,,
41,133,37,124,1.19,1190.0,False,,
41,328,37,304,1.39,1390.0,True,1.28,110.0
41,349,37,323,1.96,1960.0,False,,
41,478,37,441,2.1,2100.0,True,0.83,1270.0
41,550,37,508,4.68,4680.0,False,,
41,556,37,514,5.19,5190.0,False,,
41,601,37,559,1.58,1580.0,False,,
41,605,37,563,1.21,1210.0,True,1.2,10.0
42,59,38,55,0.111,111.0,True,0.156,45.0
42,434,38,399,0.24,240.0,True,0.261,21.0
43,302,39,280,0.134,134.0,True,0.144,10.0
44,16,40,13,0.25,250.0,True,0.265,15.0
44,79,40,73,0.675,675.0,False,,
44,328,40,304,0.294,294.0,True,0.289,5.0
44,353,40,327,0.781,781.0,False,,
44,389,40,358,0.48,480.0,True,0.468,12.0
44,456,40,420,0.862,862.0,True,0.899,37.0
45,23,41,20,0.187,187.0,True,0.165,22.0
45,223,41,209,1.28,1280.0,True,1.29,10.0
45,266,41,247,0.311,311.0,True,0.232,79.0
45,310,41,287,1.28,1280.0,True,1.05,230.0
45,545,41,503,0.76,760.0,True,0.834,74.0
46,351,42,325,0.64,640.0,True,0.624,16.0
46,475,42,438,0.18,180.0,True,0.169,11.0
47,121,43,112,1.22,1220.0,False,,
47,229,43,215,0.523,523.0,True,0.483,40.0
47,317,43,294,1.17,1170.0,False,,
47,427,43,392,0.436,436.0,True,0.435,1.0
47,428,43,393,1.25,1250.0,False,,
47,455,43,419,1.04,1040.0,False,,
47,481,43,444,0.891,891.0,False,,
47,549,43,507,0.643,643.0,False,,
48,166,44,155,2.4,2400.0,False,,
48,205,44,191,2.1,2100.0,False,,
48,209,44,195,2.96,2960.0,True,3.04,80.0
48,278,44,259,0.107,107.0,True,0.086,21.0
48,323,44,299,2.39,2390.0,False,,
48,579,44,537,2.02,2020.0,True,2.04,20.0
48,583,44,541,0.855,855.0,False,,
49,488,45,451,0.2,200.0,True,0.198,2.0
49,507,45,468,0.517,517.0,False,,
49,627,45,582,0.23,230.0,True,0.221,9.0
50,27,46,24,1.302,1302.0,False,,
50,34,46,31,1.181,1181.0,False,,
50,70,46,66,1.181,1181.0,False,,
50,89,46,82,0.96,960.0,False,,
50,94,46,87,0.643,643.0,True,0.661,18.0
50,128,46,119,0.584,584.0,False,,
50,172,46,161,1.415,1415.0,False,,
50,185,46,174,1.261,1261.0,False,,
50,207,46,193,0.875,875.0,True,0.841,34.0
50,242,46,227,0.65,650.0,True,0.13,520.0
50,495,46,457,0.826,826.0,False,,
50,541,46,499,0.261,261.0,False,,
50,599,46,557,0.953,953.0,False,,
51,55,47,51,0.245,245.0,True,0.235,10.0
51,337,47,312,0.484,484.0,True,0.46,24.0
51,343,47,318,1.33,1330.0,True,1.32,10.0
51,630,47,585,1.45,1450.0,True,1.51,60.0
51,646,47,598,1.73,1730.0,True,1.72,10.0
52,200,48,187,1.52,1520.0,True,1.51,10.0
52,425,48,390,0.973,973.0,False,,
52,566,48,524,1.5,1500.0,False,,
53,530,49,489,0.512,512.0,True,0.575,63.0
53,540,49,498,0.49,490.0,False,,
53,560,49,518,1.999,1999.0,True,1.16,839.0
53,591,49,549,1.286,1286.0,True,1.257,29.0
54,240,50,226,1.81,1810.0,False,,
54,348,50,322,1.51,1510.0,True,1.51,0.0
54,435,50,400,0.033,33.0,True,0.034,1.0
54,606,50,564,1.55,1550.0,True,1.5,50.0
55,51,51,47,0.235,235.0,True,0.245,10.0
55,144,51,135,2.28,2280.0,False,,
55,149,51,140,3.15,3150.0,True,3.03,120.0
55,343,51,318,1.52,1520.0,True,1.54,20.0
55,465,51,429,3.11,3110.0,False,,
55,603,51,561,0.515,515.0,True,0.506,9.0
55,630,51,585,1.54,1540.0,True,1.54,0.0
55,646,51,598,1.36,1360.0,True,1.37,10.0
56,105,52,97,0.123,123.0,True,0.125,2.0
56,218,52,204,3.08,3080.0,False,,
57,91,53,84,0.012,12.0,True,0.02,8.0
57,389,53,358,0.22,220.0,True,0.225,5.0
57,497,53,459,0.325,325.0,True,0.313,12.0
58,432,54,397,1.41,1410.0,True,1.38,30.0
59,42,55,38,0.156,156.0,True,0.111,45.0
59,314,55,291,0.318,318.0,False,,
59,462,55,426,0.74,740.0,True,0.739,1.0
60,84,56,78,5.16,5160.0,False,,
60,106,56,98,1.69,1690.0,True,1.7,10.0
60,122,56,113,0.831,831.0,True,0.573,258.0
60,259,56,242,3.94,3940.0,False,,
60,267,56,248,3.81,3810.0,False,,
60,451,56,415,4.33,4330.0,False,,
61,500,57,462,3.36,3360.0,False,,
61,527,57,486,1.94,1940.0,False,,
61,550,57,508,3.03,3030.0,False,,
62,9,58,6,1.01,1010.0,False,,
62,40,58,36,0.805,805.0,False,,
62,604,58,562,0.305,305.0,True,0.039,266.0
62,632,58,587,1.0,1000.0,False,,
63,239,59,225,0.277,277.0,True,0.278,1.0
63,292,59,272,0.286,286.0,False,,
63,330,59,306,0.727,727.0,True,0.556,171.0
63,346,59,321,1.14,1140.0,False,,
64,200,60,187,1.28,1280.0,False,,
64,205,60,191,1.63,1630.0,True,1.64,10.0
64,238,60,224,0.4,400.0,False,,
64,326,60,302,0.395,395.0,True,0.472,77.0
65,4,61,3,0.125,125.0,True,0.843,718.0
66,162,62,151,1.25,1250.0,True,1.23,20.0
66,173,62,162,0.252,252.0,True,0.217,35.0
66,448,62,412,0.13,130.0,True,0.193,63.0
67,511,63,472,0.35,350.0,True,0.327,23.0
67,571,63,529,0.255,255.0,False,,
68,82,64,76,0.082,82.0,False,,
68,299,64,277,0.303,303.0,True,1.14,837.0
68,546,64,504,0.305,305.0,False,,
68,553,64,511,0.811,811.0,True,0.816,5.0
69,143,65,134,0.038,38.0,True,0.36,322.0
69,242,65,227,0.476,476.0,False,,
69,366,65,339,0.286,286.0,True,0.99,704.0
69,406,65,374,0.648,648.0,False,,
70,27,66,24,0.098,98.0,True,0.11,12.0
70,34,66,31,0.01,10.0,True,0.36,350.0
71,16,67,13,0.525,525.0,False,,
71,79,67,73,0.54,540.0,False,,
71,169,67,158,0.538,538.0,True,0.54,2.0
71,389,67,358,0.314,314.0,True,0.291,23.0
71,414,67,381,0.556,556.0,False,,
71,567,67,525,0.262,262.0,True,0.255,7.0
72,531,68,490,0.68,680.0,True,0.682,2.0
72,559,68,517,0.461,461.0,True,0.462,1.0
73,431,69,396,0.205,205.0,True,0.222,17.0
73,443,69,407,0.208,208.0,False,,
76,21,70,18,0.065,65.0,False,,
76,157,70,147,0.625,625.0,False,,
77,261,71,244,0.38,380.0,True,0.5,120.0
78,572,72,530,0.12,120.0,False,,
79,16,73,13,0.409,409.0,False,,
79,169,73,158,0.015,15.0,True,0.015,0.0
79,353,73,327,0.285,285.0,False,,
79,456,73,420,0.75,750.0,True,0.693,57.0
80,161,74,150,0.923,923.0,True,0.971,48.0
80,253,74,236,0.975,975.0,False,,
80,293,74,273,0.15,150.0,True,0.149,1.0
80,396,74,364,0.23,230.0,True,0.14,90.0
80,454,74,418,1.66,1660.0,True,1.68,20.0
80,484,74,447,1.2,1200.0,True,1.23,30.0
80,560,74,518,1.41,1410.0,True,1.44,30.0
80,609,74,567,1.7,1700.0,False,,
81,334,75,310,0.77,770.0,True,0.775,5.0
81,490,75,453,0.064,64.0,False,,
82,32,76,29,0.41,410.0,False,,
82,367,76,340,0.461,461.0,False,,
82,376,76,349,0.842,842.0,False,,
83,392,77,361,0.595,595.0,False,,
83,516,77,477,0.11,110.0,False,,
84,13,78,10,0.08,80.0,True,0.066,14.0
84,166,78,155,2.16,2160.0,True,2.14,20.0
84,259,78,242,1.71,1710.0,True,1.33,380.0
84,451,78,415,1.76,1760.0,True,1.79,30.0
85,262,79,245,0.771,771.0,False,,
85,317,79,294,0.19,190.0,True,0.28,90.0
85,428,79,393,0.82,820.0,False,,
85,479,79,442,1.55,1550.0,True,0.204,1346.0
87,120,80,111,5.42,5420.0,True,5.44,20.0
87,198,80,185,3.28,3280.0,True,3.27,10.0
87,199,80,186,5.5,5500.0,False,,
88,15,81,12,1.507,1507.0,False,,
88,20,81,17,2.65,2650.0,False,,
88,53,81,49,0.595,595.0,False,,
88,67,81,63,0.473,473.0,False,,
88,253,81,236,2.043,2043.0,False,,
88,404,81,372,2.306,2306.0,False,,
88,433,81,398,1.606,1606.0,False,,
88,530,81,489,0.537,537.0,True,0.305,232.0
88,571,81,529,0.392,392.0,True,0.261,131.0
88,580,81,538,1.512,1512.0,True,0.3,1212.0
88,591,81,549,1.25,1250.0,False,,
88,592,81,550,1.712,1712.0,False,,
88,656,81,606,2.41,2410.0,False,,
89,33,82,30,0.87,870.0,False,,
89,242,82,227,0.81,810.0,False,,
89,406,82,374,1.41,1410.0,False,,
89,422,82,387,0.7,700.0,False,,
89,495,82,457,0.829,829.0,True,0.152,677.0
89,581,82,539,0.15,150.0,False,,
90,161,83,150,0.08,80.0,True,0.09,10.0
90,461,83,425,0.733,733.0,False,,
90,470,83,434,0.71,710.0,True,0.706,4.0
91,57,84,53,0.02,20.0,True,0.012,8.0
91,125,84,116,0.313,313.0,True,0.312,1.0
91,172,84,161,0.304,304.0,False,,
91,497,84,459,0.321,321.0,True,0.313,8.0
92,487,85,450,0.057,57.0,True,0.124,67.0
92,517,85,478,1.1,1100.0,False,,
92,609,85,567,0.64,640.0,False,,
93,578,86,536,0.357,357.0,False,,
94,27,87,24,1.293,1293.0,False,,
94,34,87,31,1.172,1172.0,True,1.18,8.0
94,50,87,46,0.661,661.0,True,0.643,18.0
94,70,87,66,1.172,1172.0,False,,
94,128,87,119,0.563,563.0,True,0.573,10.0
94,172,87,161,1.406,1406.0,True,0.578,828.0
94,185,87,174,1.252,1252.0,False,,
94,207,87,193,0.523,523.0,False,,
94,464,87,428,0.15,150.0,True,0.13,20.0
94,495,87,457,0.49,490.0,False,,
94,599,87,557,0.616,616.0,True,0.723,107.0
95,123,88,114,0.734,734.0,True,0.722,12.0
95,349,88,323,0.03,30.0,True,0.05,20.0
95,478,88,441,1.88,1880.0,False,,
96,43,89,39,0.025,25.0,False,,
97,15,90,12,0.626,626.0,True,0.577,49.0
97,269,90,250,1.0,1000.0,True,0.959,41.0
97,433,90,398,1.846,1846.0,False,,
97,580,90,538,1.752,1752.0,False,,
97,587,90,545,0.058,58.0,True,0.722,664.0
97,595,90,553,0.317,317.0,True,0.322,5.0
97,656,90,606,2.65,2650.0,False,,
98,106,91,98,3.59,3590.0,True,3.4,190.0
98,132,91,123,2.22,2220.0,True,2.23,10.0
98,146,91,137,3.04,3040.0,True,3.05,10.0
98,192,91,179,3.49,3490.0,True,3.83,340.0
98,337,91,312,2.17,2170.0,False,,
98,344,91,319,2.92,2920.0,False,,
98,552,91,510,3.56,3560.0,False,,
99,129,92,120,0.01,10.0,False,,
101,354,93,328,0.686,686.0,False,,
101,597,93,555,0.42,420.0,True,0.422,2.0
102,508,94,469,1.34,1340.0,True,1.36,20.0
102,513,94,474,0.05,50.0,True,0.049,1.0
103,328,95,304,0.19,190.0,True,0.108,82.0
104,178,96,167,0.387,387.0,True,0.372,15.0
104,286,96,266,0.27,270.0,True,0.264,6.0
104,325,96,301,1.28,1280.0,True,1.27,10.0
105,56,97,52,0.125,125.0,True,0.123,2.0
105,292,97,272,2.8,2800.0,False,,
106,60,98,56,1.7,1700.0,True,1.69,10.0
106,98,98,91,3.4,3400.0,True,3.59,190.0
106,146,98,137,2.774,2774.0,True,2.77,4.0
106,192,98,179,4.7,4700.0,True,4.61,90.0
106,267,98,248,6.0,6000.0,False,,
106,370,98,343,0.782,782.0,False,,
107,304,99,282,3.28,3280.0,True,4.72,1440.0
107,480,99,443,3.72,3720.0,True,3.77,50.0
107,499,99,461,0.07,70.0,True,0.086,16.0
108,313,100,290,0.187,187.0,True,0.345,158.0
108,358,100,332,0.806,806.0,False,,
108,562,100,520,0.285,285.0,False,,
108,628,100,583,0.838,838.0,False,,
108,648,100,600,0.065,65.0,True,0.44,375.0
109,275,101,256,3.52,3520.0,True,3.67,150.0
109,283,101,263,0.825,825.0,True,0.878,53.0
109,379,101,352,2.8,2800.0,True,2.77,30.0
109,407,101,375,3.03,3030.0,True,2.98,50.0
109,445,101,409,4.3,4300.0,False,,
109,570,101,528,2.04,2040.0,True,2.04,0.0
110,565,102,523,0.14,140.0,True,0.143,3.0
110,573,102,531,1.425,1425.0,True,1.44,15.0
111,14,103,11,1.63,1630.0,True,1.69,60.0
111,29,103,26,2.01,2010.0,True,2.06,50.0
111,147,103,138,3.38,3380.0,False,,
111,245,103,230,3.07,3070.0,False,,
111,261,103,244,2.83,2830.0,True,3.54,710.0
111,274,103,255,1.16,1160.0,True,1.12,40.0
111,356,103,330,2.46,2460.0,False,,
111,398,103,366,1.52,1520.0,True,1.5,20.0
111,446,103,410,3.058,3058.0,False,,
112,130,104,121,1.39,1390.0,True,1.36,30.0
112,278,104,259,1.51,1510.0,False,,
112,285,104,265,0.736,736.0,True,0.735,1.0
112,578,104,536,0.84,840.0,True,0.818,22.0
112,583,104,541,0.7,700.0,True,0.696,4.0
113,182,105,171,0.045,45.0,True,0.04,5.0
113,282,105,262,1.08,1080.0,False,,
114,240,106,226,0.13,130.0,True,0.352,222.0
115,126,107,117,0.425,425.0,False,,
115,151,107,141,1.65,1650.0,False,,
115,331,107,307,0.642,642.0,True,0.616,26.0
115,463,107,427,0.56,560.0,True,0.458,102.0
115,525,107,484,0.773,773.0,True,0.735,38.0
115,553,107,511,0.85,850.0,True,0.857,7.0
117,7,108,5,0.2,200.0,True,0.2,0.0
117,37,108,33,1.74,1740.0,True,1.95,210.0
117,255,108,238,0.437,437.0,True,0.464,27.0
117,341,108,316,2.23,2230.0,False,,
117,345,108,320,1.04,1040.0,False,,
117,486,108,449,1.84,1840.0,False,,
117,545,108,503,0.895,895.0,False,,
118,247,109,232,0.434,434.0,True,0.403,31.0
118,297,109,276,2.26,2260.0,True,1.98,280.0
118,629,109,584,0.911,911.0,True,0.906,5.0
119,524,110,483,0.274,274.0,False,,
120,87,111,80,5.44,5440.0,True,5.42,20.0
120,198,111,185,3.77,3770.0,True,3.77,0.0
120,578,111,536,0.077,77.0,False,,
121,231,112,217,0.147,147.0,True,0.157,10.0
121,254,112,237,0.865,865.0,False,,
121,262,112,245,0.268,268.0,False,,
121,428,112,393,0.568,568.0,False,,
121,455,112,419,0.14,140.0,True,0.123,17.0
122,60,113,56,0.573,573.0,True,0.831,258.0
122,544,113,502,1.28,1280.0,False,,
123,95,114,88,0.722,722.0,True,0.734,12.0
123,165,114,154,0.112,112.0,True,0.118,6.0
124,207,115,193,0.196,196.0,True,0.193,3.0
124,357,115,331,0.208,208.0,True,0.297,89.0
124,414,115,381,0.284,284.0,True,0.285,1.0
124,460,115,424,0.353,353.0,False,,
124,567,115,525,0.248,248.0,True,0.212,36.0
125,71,116,67,0.24,240.0,False,,
125,91,116,84,0.312,312.0,True,0.313,1.0
125,94,116,87,0.57,570.0,False,,
125,464,116,428,0.406,406.0,False,,
125,599,116,557,0.878,878.0,True,0.758,120.0
126,235,117,221,0.236,236.0,True,0.238,2.0
126,305,117,283,0.72,720.0,True,0.71,10.0
126,376,117,349,0.55,550.0,False,,
126,517,117,478,0.911,911.0,False,,
126,546,117,504,0.423,423.0,True,0.38,43.0
127,109,118,101,3.05,3050.0,False,,
127,202,118,189,0.526,526.0,True,2.24,1714.0
127,283,118,263,2.481,2481.0,True,2.38,101.0
127,480,118,443,2.48,2480.0,False,,
127,570,118,528,1.75,1750.0,True,1.75,0.0
128,27,119,24,1.228,1228.0,False,,
128,34,119,31,1.107,1107.0,True,0.616,491.0
128,70,119,66,1.107,1107.0,False,,
128,94,119,87,0.573,573.0,True,0.563,10.0
128,172,119,161,1.341,1341.0,False,,
128,185,119,174,1.187,1187.0,False,,
128,207,119,193,1.05,1050.0,True,1.06,10.0
128,495,119,457,1.02,1020.0,False,,
128,541,119,499,0.296,296.0,False,,
128,589,119,547,0.254,254.0,True,0.257,3.0
128,599,119,557,0.866,866.0,False,,
129,439,120,403,0.54,540.0,False,,
130,112,121,104,1.36,1360.0,True,1.39,30.0
130,166,121,155,2.18,2180.0,False,,
130,209,121,195,2.85,2850.0,True,2.9,50.0
130,238,121,224,1.67,1670.0,True,1.71,40.0
130,278,121,259,0.34,340.0,True,0.315,25.0
130,323,121,299,2.41,2410.0,False,,
130,578,121,536,1.5,1500.0,False,,
130,579,121,537,1.92,1920.0,True,1.91,10.0
131,212,122,198,0.22,220.0,False,,
131,255,122,238,0.034,34.0,True,0.021,13.0
132,98,123,91,2.23,2230.0,True,2.22,10.0
132,344,123,319,1.7,1700.0,False,,
133,577,124,535,0.245,245.0,False,,
134,160,125,149,0.838,838.0,True,0.842,4.0
134,216,125,202,2.3,2300.0,False,,
134,332,125,308,2.2,2200.0,False,,
134,391,125,360,1.83,1830.0,True,1.89,60.0
134,512,125,473,2.9,2900.0,False,,
134,516,125,477,2.44,2440.0,False,,
135,556,126,514,2.85,2850.0,True,3.06,210.0
135,644,126,596,1.17,1170.0,False,,
136,96,127,89,3.1,3100.0,False,,
136,178,127,167,1.07,1070.0,False,,
136,514,127,475,0.58,580.0,True,0.574,6.0
136,638,127,593,0.375,375.0,True,0.328,47.0
137,529,128,488,0.756,756.0,True,0.8,44.0
138,97,129,90,0.46,460.0,False,,
138,433,129,398,0.933,933.0,True,0.721,212.0
138,504,129,466,1.27,1270.0,True,1.45,180.0
138,510,129,471,1.79,1790.0,True,1.59,200.0
138,587,129,545,0.44,440.0,True,0.43,10.0
139,140,130,131,0.354,354.0,True,0.321,33.0
139,252,130,235,0.397,397.0,True,0.363,34.0
139,449,130,413,0.738,738.0,True,0.622,116.0
139,450,130,414,0.367,367.0,False,,
139,528,130,487,0.337,337.0,False,,
139,612,130,569,0.518,518.0,True,0.515,3.0
140,139,131,130,0.321,321.0,True,0.354,33.0
140,252,131,235,0.368,368.0,False,,
140,406,131,374,0.228,228.0,True,0.74,512.0
140,449,131,413,0.708,708.0,False,,
140,612,131,569,0.96,960.0,False,,
142,292,133,272,2.01,2010.0,True,1.76,250.0
142,362,133,335,0.34,340.0,True,0.274,66.0
142,372,133,345,0.811,811.0,True,0.911,100.0
142,573,133,531,2.53,2530.0,True,2.43,100.0
143,69,134,65,0.36,360.0,True,0.038,322.0
143,312,134,289,0.77,770.0,True,0.747,23.0
143,523,134,482,0.41,410.0,True,1.13,720.0
144,73,135,69,1.03,1030.0,False,,
144,149,135,140,1.52,1520.0,True,1.53,10.0
144,232,135,218,2.1,2100.0,False,,
144,276,135,257,2.16,2160.0,False,,
144,311,135,288,1.83,1830.0,False,,
144,343,135,318,2.62,2620.0,True,2.52,100.0
144,365,135,338,1.47,1470.0,False,,
144,431,135,396,0.99,990.0,False,,
144,443,135,407,0.3,300.0,False,,
144,465,135,429,1.84,1840.0,True,1.87,30.0
144,501,135,463,2.34,2340.0,False,,
144,646,135,598,1.47,1470.0,True,1.46,10.0
145,20,136,17,2.132,2132.0,False,,
145,80,136,74,1.6,1600.0,False,,
145,161,136,150,2.13,2130.0,False,,
145,253,136,236,1.42,1420.0,False,,
145,327,136,303,0.993,993.0,False,,
145,404,136,372,1.788,1788.0,False,,
145,454,136,418,0.157,157.0,True,0.123,34.0
145,484,136,447,1.339,1339.0,False,,
145,532,136,491,0.973,973.0,True,0.929,44.0
145,568,136,526,0.654,654.0,True,0.558,96.0
145,591,136,549,1.78,1780.0,False,,
145,592,136,550,0.783,783.0,True,0.941,158.0
145,634,136,589,0.63,630.0,True,0.565,65.0
146,98,137,91,3.05,3050.0,True,3.04,10.0
146,106,137,98,2.77,2770.0,True,2.774,4.0
146,192,137,179,2.77,2770.0,True,2.75,20.0
146,259,137,242,3.74,3740.0,False,,
146,267,137,248,4.42,4420.0,False,,
146,451,137,415,1.54,1540.0,True,1.56,20.0
147,154,138,144,0.036,36.0,True,0.037,1.0
147,208,138,194,2.23,2230.0,True,2.24,10.0
147,228,138,214,2.28,2280.0,True,2.29,10.0
147,274,138,255,2.94,2940.0,False,,
147,459,138,423,0.04,40.0,True,0.031,9.0
148,210,139,196,0.04,40.0,True,0.04,0.0
148,289,139,269,1.26,1260.0,False,,
149,11,140,8,0.75,750.0,True,0.886,136.0
149,55,140,51,3.03,3030.0,True,3.15,120.0
149,144,140,135,1.53,1530.0,True,1.52,10.0
149,232,140,218,1.48,1480.0,False,,
149,245,140,230,4.47,4470.0,False,,
149,276,140,257,1.15,1150.0,True,1.14,10.0
149,279,140,260,4.21,4210.0,False,,
149,311,140,288,1.42,1420.0,True,1.42,0.0
149,343,140,318,3.46,3460.0,False,,
149,387,140,357,2.9,2900.0,True,2.92,20.0
149,429,140,394,3.73,3730.0,False,,
149,431,140,396,1.71,1710.0,False,,
149,443,140,407,1.67,1670.0,False,,
149,465,140,429,1.44,1440.0,True,1.46,20.0
149,501,140,463,1.58,1580.0,True,1.58,0.0
149,594,140,552,1.68,1680.0,False,,
149,646,140,598,2.31,2310.0,True,2.32,10.0
151,553,141,511,0.808,808.0,False,,
152,162,142,151,1.75,1750.0,True,1.67,80.0
152,184,142,173,0.76,760.0,True,0.745,15.0
152,368,142,341,1.7,1700.0,False,,
152,409,142,377,1.64,1640.0,False,,
152,435,142,400,0.335,335.0,True,0.343,8.0
152,538,142,496,0.34,340.0,True,0.318,22.0
152,558,142,516,1.72,1720.0,True,1.77,50.0
153,418,143,384,0.085,85.0,True,0.104,19.0
153,516,143,477,1.55,1550.0,False,,
154,11,144,8,1.84,1840.0,True,2.21,370.0
154,147,144,138,0.037,37.0,True,0.036,1.0
154,350,144,324,4.35,4350.0,False,,
154,387,144,357,1.69,1690.0,True,1.71,20.0
154,429,144,394,3.2,3200.0,False,,
154,459,144,423,0.054,54.0,True,0.031,23.0
154,465,144,429,3.37,3370.0,False,,
155,318,145,295,0.233,233.0,True,0.328,95.0
155,450,145,414,0.203,203.0,True,0.242,39.0
155,473,145,436,0.125,125.0,True,0.077,48.0
155,612,145,569,0.44,440.0,False,,
156,41,146,37,1.05,1050.0,False,,
156,328,146,304,1.11,1110.0,False,,
156,601,146,559,1.35,1350.0,False,,
156,605,146,563,1.34,1340.0,False,,
157,28,147,25,0.04,40.0,False,,
157,626,147,581,0.034,34.0,True,0.025,9.0
159,4,148,3,0.958,958.0,False,,
159,108,148,100,1.06,1060.0,False,,
159,358,148,332,0.164,164.0,True,0.949,785.0
159,562,148,520,0.942,942.0,False,,
159,628,148,583,0.92,920.0,False,,
160,134,149,125,0.842,842.0,True,0.838,4.0
160,329,149,305,0.405,405.0,True,0.387,18.0
160,391,149,360,1.34,1340.0,True,1.4,60.0
160,582,149,540,1.62,1620.0,True,1.63,10.0
161,80,150,74,0.971,971.0,True,0.923,48.0
161,90,150,83,0.09,90.0,True,0.08,10.0
161,396,150,364,1.04,1040.0,True,1.03,10.0
161,591,150,549,0.632,632.0,True,0.612,20.0
161,595,150,553,0.085,85.0,True,0.04,45.0
162,66,151,62,1.23,1230.0,True,1.25,20.0
162,152,151,142,1.67,1670.0,True,1.75,80.0
162,167,151,156,2.33,2330.0,True,2.5,170.0
162,338,151,313,0.64,640.0,False,,
162,368,151,341,0.186,186.0,True,0.065,121.0
162,409,151,377,2.22,2220.0,True,2.17,50.0
162,419,151,385,1.04,1040.0,False,,
162,435,151,400,1.41,1410.0,False,,
163,202,152,189,0.903,903.0,True,0.909,6.0
163,584,152,542,0.668,668.0,False,,
163,631,152,586,0.205,205.0,True,0.207,2.0
164,211,153,197,3.16,3160.0,False,,
164,219,153,205,0.115,115.0,False,,
164,499,153,461,0.567,567.0,True,0.693,126.0
164,631,153,586,3.03,3030.0,False,,
165,123,154,114,0.118,118.0,True,0.112,6.0
165,195,154,182,0.273,273.0,True,0.28,7.0
166,84,155,78,2.14,2140.0,True,2.16,20.0
166,209,155,195,1.8,1800.0,True,1.91,110.0
166,323,155,299,2.63,2630.0,False,,
166,363,155,336,3.26,3260.0,False,,
166,508,155,469,3.36,3360.0,True,3.36,0.0
166,579,155,537,0.379,379.0,True,0.358,21.0
167,1,156,0,2.03,2030.0,True,1.53,500.0
167,162,156,151,2.5,2500.0,True,2.33,170.0
167,226,156,212,0.286,286.0,True,0.308,22.0
167,341,156,316,2.3,2300.0,False,,
167,409,156,377,0.575,575.0,True,0.61,35.0
168,247,157,232,2.18,2180.0,False,,
168,342,157,317,0.085,85.0,True,0.093,8.0
168,472,157,435,0.757,757.0,True,0.907,150.0
168,600,157,558,0.75,750.0,True,0.758,8.0
169,71,158,67,0.54,540.0,True,0.538,2.0
169,79,158,73,0.015,15.0,True,0.015,0.0
169,414,158,381,0.35,350.0,False,,
169,567,158,525,0.384,384.0,True,0.381,3.0
170,354,159,328,0.725,725.0,False,,
170,613,159,570,0.013,13.0,True,0.01,3.0
171,59,160,55,0.51,510.0,False,,
171,355,160,329,0.262,262.0,False,,
171,382,160,354,0.265,265.0,False,,
171,524,160,483,0.3,300.0,False,,
172,27,161,24,0.684,684.0,True,0.958,274.0
172,34,161,31,0.563,563.0,True,0.99,427.0
172,70,161,66,0.563,563.0,False,,
172,94,161,87,0.578,578.0,True,1.406,828.0
172,125,161,116,0.611,611.0,False,,
172,185,161,174,0.567,567.0,True,0.891,324.0
172,592,161,550,0.617,617.0,False,,
172,599,161,557,0.445,445.0,True,0.657,212.0
173,66,162,62,0.217,217.0,True,0.252,35.0
173,419,162,385,0.595,595.0,True,0.592,3.0
174,183,163,172,2.48,2480.0,False,,
174,519,163,480,2.6,2600.0,False,,
174,542,163,500,0.14,140.0,True,0.108,32.0
175,15,164,12,2.821,2821.0,True,1.6,1221.0
175,88,164,81,1.664,1664.0,False,,
175,284,164,264,1.2,1200.0,False,,
175,351,164,325,0.785,785.0,True,0.809,24.0
175,433,164,398,0.8,800.0,True,0.8,0.0
175,540,164,498,1.4,1400.0,True,1.48,80.0
175,580,164,538,1.07,1070.0,True,1.19,120.0
175,656,164,606,0.571,571.0,True,0.55,21.0
176,77,165,71,0.76,760.0,False,,
176,208,165,194,4.48,4480.0,False,,
176,228,165,214,4.99,4990.0,False,,
176,280,165,261,2.17,2170.0,False,,
176,384,165,355,1.92,1920.0,True,2.2,280.0
177,21,166,18,0.12,120.0,False,,
177,30,166,27,5.32,5320.0,False,,
177,76,166,70,0.065,65.0,False,,
177,194,166,181,5.27,5270.0,False,,
177,502,166,464,2.63,2630.0,False,,
178,104,167,96,0.372,372.0,True,0.387,15.0
178,638,167,593,0.905,905.0,True,0.941,36.0
179,210,168,196,1.04,1040.0,True,0.989,51.0
179,308,168,285,3.18,3180.0,True,3.14,40.0
179,502,168,464,1.65,1650.0,True,1.65,0.0
179,602,168,560,0.448,448.0,False,,
179,647,168,599,2.69,2690.0,True,2.69,0.0
180,22,169,19,0.58,580.0,True,0.586,6.0
180,430,169,395,2.12,2120.0,True,2.1,20.0
180,509,169,470,0.95,950.0,False,,
181,171,170,160,0.461,461.0,False,,
181,575,170,533,0.346,346.0,True,0.327,19.0
181,623,170,580,0.241,241.0,True,0.674,433.0
182,113,171,105,0.04,40.0,True,0.045,5.0
182,282,171,262,1.07,1070.0,True,1.34,270.0
182,539,171,497,0.229,229.0,True,0.213,16.0
183,196,172,183,0.105,105.0,True,0.088,17.0
183,374,172,347,4.64,4640.0,True,4.61,30.0
183,493,172,456,2.3,2300.0,False,,
183,563,172,521,2.31,2310.0,False,,
184,152,173,142,0.745,745.0,True,0.76,15.0
184,518,173,479,1.22,1220.0,False,,
184,538,173,496,0.615,615.0,False,,
184,551,173,509,0.07,70.0,True,0.006,64.0
184,558,173,516,1.78,1780.0,False,,
185,7,174,5,2.56,2560.0,False,,
185,27,174,24,0.778,778.0,True,0.804,26.0
185,34,174,31,0.657,657.0,True,0.836,179.0
185,70,174,66,0.657,657.0,False,,
185,117,174,108,2.47,2470.0,False,,
185,172,174,161,0.891,891.0,True,0.567,324.0
185,503,174,465,1.3,1300.0,True,1.26,40.0
185,593,174,551,0.268,268.0,True,0.26,8.0
185,599,174,557,0.836,836.0,True,0.545,291.0
187,214,175,200,0.541,541.0,False,,
187,318,175,295,1.08,1080.0,False,,
187,330,175,306,0.38,380.0,True,0.15,230.0
187,390,175,359,0.098,98.0,True,0.198,100.0
187,543,175,501,0.796,796.0,True,0.81,14.0
188,399,176,367,0.181,181.0,False,,
189,121,177,112,0.274,274.0,False,,
189,231,177,217,0.14,140.0,False,,
189,313,177,290,0.099,99.0,True,0.108,9.0
190,394,178,362,0.136,136.0,True,0.128,8.0
192,98,179,91,3.83,3830.0,True,3.49,340.0
192,102,179,94,1.46,1460.0,False,,
192,106,179,98,4.61,4610.0,True,4.7,90.0
192,146,179,137,2.75,2750.0,True,2.77,20.0
192,323,179,299,1.37,1370.0,True,1.38,10.0
192,344,179,319,2.04,2040.0,True,2.02,20.0
192,451,179,415,1.8,1800.0,True,1.8,0.0
193,493,180,456,1.7,1700.0,True,1.67,30.0
193,526,180,485,1.87,1870.0,False,,
193,564,180,522,0.781,781.0,True,0.776,5.0
193,621,180,578,1.94,1940.0,True,1.94,0.0
194,21,181,18,1.21,1210.0,False,,
194,30,181,27,4.34,4340.0,True,4.19,150.0
194,76,181,70,1.17,1170.0,False,,
195,165,182,154,0.28,280.0,True,0.273,7.0
195,549,182,507,1.3,1300.0,True,1.3,0.0
196,183,183,172,0.088,88.0,True,0.105,17.0
196,514,183,475,1.28,1280.0,True,1.28,0.0
196,519,183,480,2.69,2690.0,False,,
196,542,183,500,2.52,2520.0,False,,
196,610,183,568,1.28,1280.0,True,1.29,10.0
197,272,184,253,2.52,2520.0,False,,
197,371,184,344,2.87,2870.0,False,,
197,596,184,554,1.06,1060.0,True,1.04,20.0
197,655,184,605,0.045,45.0,True,0.026,19.0
198,87,185,80,3.27,3270.0,True,3.28,10.0
198,120,185,111,3.77,3770.0,True,3.77,0.0
198,238,185,224,3.76,3760.0,False,,
198,361,185,334,1.52,1520.0,True,0.758,762.0
198,474,185,437,1.85,1850.0,False,,
198,491,185,454,1.94,1940.0,False,,
198,588,185,546,4.18,4180.0,True,3.77,410.0
199,2,186,1,2.8,2800.0,True,2.8,0.0
199,39,186,35,4.93,4930.0,False,,
199,244,186,229,5.72,5720.0,False,,
199,468,186,432,5.18,5180.0,False,,
199,613,186,570,5.53,5530.0,True,5.99,460.0
200,52,187,48,1.51,1510.0,True,1.52,10.0
200,395,187,363,2.29,2290.0,True,2.27,20.0
200,400,187,368,2.46,2460.0,False,,
200,534,187,492,1.25,1250.0,False,,
200,566,187,524,0.051,51.0,True,0.018,33.0
200,588,187,546,1.95,1950.0,True,1.95,0.0
201,370,188,343,2.31,2310.0,True,2.34,30.0
201,373,188,346,5.51,5510.0,False,,
201,620,188,577,1.9,1900.0,True,1.88,20.0
202,127,189,118,2.24,2240.0,True,0.526,1714.0
202,163,189,152,0.909,909.0,True,0.903,6.0
202,304,189,282,0.475,475.0,True,1.04,565.0
202,588,189,546,1.36,1360.0,False,,
204,9,190,6,0.745,745.0,True,1.1,355.0
204,40,190,36,1.44,1440.0,False,,
204,78,190,72,1.34,1340.0,False,,
204,507,190,468,0.683,683.0,False,,
205,64,191,60,1.64,1640.0,True,1.63,10.0
205,130,191,121,0.168,168.0,False,,
205,238,191,224,0.023,23.0,True,0.02,3.0
205,575,191,533,0.513,513.0,False,,
206,164,192,153,2.65,2650.0,False,,
206,211,192,197,0.98,980.0,True,0.97,10.0
206,219,192,205,2.67,2670.0,False,,
206,483,192,446,0.069,69.0,True,0.071,2.0
206,631,192,586,1.08,1080.0,True,0.663,417.0
207,50,193,46,0.841,841.0,True,0.875,34.0
207,89,193,82,0.581,581.0,False,,
207,124,193,115,0.193,193.0,True,0.196,3.0
207,128,193,119,1.06,1060.0,True,1.05,10.0
207,227,193,213,0.204,204.0,False,,
207,495,193,457,0.658,658.0,False,,
207,541,193,499,1.08,1080.0,False,,
207,567,193,525,0.432,432.0,False,,
208,111,194,103,4.87,4870.0,False,,
208,147,194,138,2.24,2240.0,True,2.23,10.0
208,228,194,214,1.35,1350.0,True,1.31,40.0
208,245,194,230,4.1,4100.0,False,,
208,274,194,255,0.795,795.0,True,0.903,108.0
208,279,194,260,4.34,4340.0,False,,
208,356,194,330,3.08,3080.0,False,,
209,24,195,21,3.66,3660.0,False,,
209,48,195,44,3.04,3040.0,True,2.96,80.0
209,84,195,78,1.77,1770.0,False,,
209,130,195,121,2.9,2900.0,True,2.85,50.0
209,166,195,155,1.91,1910.0,True,1.8,110.0
209,192,195,179,1.89,1890.0,False,,
209,290,195,270,0.025,25.0,True,0.031,6.0
209,323,195,299,1.52,1520.0,True,1.42,100.0
209,508,195,469,2.96,2960.0,False,,
210,148,196,139,0.04,40.0,True,0.04,0.0
210,179,196,168,0.989,989.0,True,1.04,51.0
210,289,196,269,1.29,1290.0,False,,
210,502,196,464,1.37,1370.0,True,1.69,320.0
210,504,196,466,0.017,17.0,False,,
210,550,196,508,0.71,710.0,False,,
210,602,196,560,0.976,976.0,False,,
211,131,197,122,0.224,224.0,False,,
211,206,197,192,0.97,970.0,True,0.98,10.0
211,345,197,320,0.425,425.0,False,,
211,392,197,361,1.88,1880.0,True,1.21,670.0
213,26,199,23,0.823,823.0,True,0.832,9.0
213,295,199,274,1.12,1120.0,False,,
213,312,199,289,0.789,789.0,True,0.791,2.0
213,449,199,413,0.4,400.0,True,0.383,17.0
213,492,199,455,0.376,376.0,True,0.379,3.0
214,291,200,271,0.316,316.0,True,0.369,53.0
214,607,200,565,0.126,126.0,True,0.139,13.0
215,529,201,488,0.16,160.0,False,,
215,614,201,571,2.37,2370.0,False,,
216,385,202,356,0.025,25.0,True,0.01,15.0
216,408,202,376,0.803,803.0,True,0.788,15.0
216,412,202,379,0.882,882.0,True,2.7,1818.0
217,575,203,533,0.55,550.0,False,,
218,105,204,97,3.15,3150.0,False,,
218,225,204,211,0.747,747.0,False,,
218,577,204,535,0.1,100.0,True,0.03,70.0
219,163,205,152,0.104,104.0,False,,
219,297,205,276,0.557,557.0,False,,
219,472,205,435,0.327,327.0,True,0.332,5.0
220,457,206,421,0.198,198.0,True,0.214,16.0
221,539,207,497,0.067,67.0,True,0.072,5.0
222,92,208,85,0.182,182.0,False,,
222,291,208,271,0.288,288.0,True,0.387,99.0
223,45,209,41,1.29,1290.0,True,1.28,10.0
223,66,209,62,1.09,1090.0,False,,
223,233,209,219,0.715,715.0,False,,
223,266,209,247,0.561,561.0,True,0.581,20.0
223,310,209,287,0.443,443.0,True,0.587,144.0
224,18,210,15,0.28,280.0,True,0.306,26.0
224,327,210,303,0.43,430.0,False,,
224,346,210,321,0.84,840.0,False,,
224,444,210,408,0.65,650.0,False,,
224,619,210,576,0.037,37.0,True,0.025,12.0
225,174,211,163,1.93,1930.0,False,,
225,577,211,535,0.672,672.0,False,,
226,19,212,16,0.269,269.0,True,0.273,4.0
226,167,212,156,0.308,308.0,True,0.286,22.0
226,538,212,496,0.247,247.0,True,0.254,7.0
227,125,213,116,0.256,256.0,False,,
227,567,213,525,0.231,231.0,True,0.236,5.0
228,118,214,109,5.75,5750.0,False,,
228,147,214,138,2.29,2290.0,True,2.28,10.0
228,208,214,194,1.31,1310.0,True,1.35,40.0
228,387,214,357,3.06,3060.0,True,2.89,170.0
228,608,214,566,5.13,5130.0,True,3.29,1840.0
228,629,214,584,5.02,5020.0,True,3.77,1250.0
229,47,215,43,0.483,483.0,True,0.523,40.0
229,325,215,301,0.242,242.0,True,0.225,17.0
229,427,215,392,0.112,112.0,True,0.127,15.0
229,482,215,445,0.568,568.0,True,0.588,20.0
230,362,216,335,0.919,919.0,True,0.769,150.0
230,485,216,448,2.06,2060.0,False,,
230,573,216,531,1.97,1970.0,False,,
230,637,216,592,1.25,1250.0,True,1.09,160.0
231,121,217,112,0.157,157.0,True,0.147,10.0
231,297,217,276,3.43,3430.0,False,,
231,525,217,484,0.479,479.0,True,0.484,5.0
232,276,218,257,0.915,915.0,True,0.904,11.0
232,311,218,288,0.29,290.0,True,0.232,58.0
232,501,218,463,0.212,212.0,True,0.229,17.0
233,17,219,14,0.087,87.0,False,,
234,280,220,261,3.243,3243.0,False,,
234,377,220,350,1.793,1793.0,False,,
234,512,220,473,0.169,169.0,False,,
234,615,220,572,0.488,488.0,False,,
235,126,221,117,0.238,238.0,True,0.236,2.0
235,318,221,295,0.473,473.0,False,,
235,517,221,478,0.753,753.0,True,0.676,77.0
236,424,222,389,4.14,4140.0,True,3.68,460.0
237,419,223,385,1.37,1370.0,True,0.548,822.0
237,544,223,502,1.0,1000.0,False,,
237,618,223,575,0.387,387.0,True,0.384,3.0
238,130,224,121,1.71,1710.0,True,1.67,40.0
238,205,224,191,0.02,20.0,True,0.023,3.0
239,63,225,59,0.278,278.0,True,0.277,1.0
239,609,225,567,0.646,646.0,False,,
239,616,225,573,0.201,201.0,True,0.219,18.0
240,106,226,98,0.299,299.0,False,,
240,114,226,106,0.352,352.0,True,0.13,222.0
240,348,226,322,0.927,927.0,True,0.98,53.0
240,469,226,433,0.451,451.0,False,,
240,606,226,564,0.288,288.0,True,0.599,311.0
242,50,227,46,0.13,130.0,True,0.65,520.0
242,366,227,339,0.282,282.0,True,0.522,240.0
242,405,227,373,0.029,29.0,True,0.636,607.0
243,358,228,332,0.875,875.0,True,0.607,268.0
243,562,228,520,0.483,483.0,False,,
244,277,229,258,0.036,36.0,True,0.019,17.0
244,613,229,570,0.775,775.0,True,0.738,37.0
245,279,230,260,0.129,129.0,True,0.111,18.0
245,475,230,438,0.696,696.0,True,0.797,101.0
246,416,231,383,0.069,69.0,True,0.056,13.0
246,539,231,497,0.582,582.0,True,0.432,150.0
246,551,231,509,0.357,357.0,False,,
247,118,232,109,0.403,403.0,True,0.434,31.0
247,297,232,276,1.66,1660.0,True,1.68,20.0
247,350,232,324,1.74,1740.0,True,1.71,30.0
247,429,232,394,1.41,1410.0,True,1.43,20.0
249,337,233,312,0.224,224.0,True,0.245,21.0
249,343,233,318,0.877,877.0,True,0.904,27.0
249,617,233,574,0.662,662.0,True,0.63,32.0
250,20,234,17,1.281,1281.0,False,,
250,53,234,49,0.724,724.0,False,,
250,321,234,298,0.453,453.0,False,,
250,376,234,349,1.791,1791.0,False,,
250,404,234,372,0.917,917.0,False,,
250,530,234,489,0.99,990.0,False,,
250,591,234,549,1.267,1267.0,False,,
252,139,235,130,0.363,363.0,True,0.397,34.0
252,406,235,374,0.178,178.0,True,0.143,35.0
252,492,235,455,0.236,236.0,True,0.271,35.0
253,368,236,341,0.874,874.0,False,,
253,484,236,447,0.427,427.0,True,0.369,58.0
253,591,236,549,1.36,1360.0,False,,
253,634,236,589,0.05,50.0,True,0.084,34.0
254,151,237,141,0.128,128.0,False,,
254,262,237,245,0.443,443.0,False,,
254,428,237,393,0.241,241.0,False,,
255,117,238,108,0.464,464.0,True,0.437,27.0
255,131,238,122,0.021,21.0,True,0.034,13.0
255,545,238,503,0.806,806.0,False,,
255,640,238,594,0.308,308.0,True,0.305,3.0
256,137,239,128,0.082,82.0,False,,
256,644,239,596,1.0,1000.0,False,,
257,1,240,0,0.329,329.0,False,,
257,341,240,316,0.238,238.0,False,,
257,523,240,482,0.249,249.0,True,0.268,19.0
257,589,240,547,0.102,102.0,True,0.092,10.0
258,300,241,278,0.41,410.0,True,0.43,20.0
258,620,241,577,1.11,1110.0,True,1.11,0.0
259,84,242,78,1.33,1330.0,True,1.71,380.0
259,267,242,248,1.04,1040.0,True,1.06,20.0
259,273,242,254,0.937,937.0,True,0.876,61.0
260,320,243,297,0.46,460.0,True,0.465,5.0
260,340,243,315,0.47,470.0,True,0.431,39.0
260,501,243,463,0.219,219.0,True,0.2,19.0
261,77,244,71,0.5,500.0,True,0.38,120.0
261,111,244,103,3.54,3540.0,True,2.83,710.0
262,189,245,177,0.198,198.0,False,,
262,231,245,217,0.095,95.0,False,,
264,25,246,22,0.01,10.0,True,0.01,0.0
266,45,247,41,0.232,232.0,True,0.311,79.0
266,66,247,62,0.525,525.0,False,,
266,223,247,209,0.581,581.0,True,0.561,20.0
267,259,248,242,1.06,1060.0,True,1.04,20.0
267,585,248,543,0.721,721.0,True,0.725,4.0
268,289,249,269,1.5,1500.0,True,4.15,2650.0
268,349,249,323,0.615,615.0,True,0.639,24.0
268,556,249,514,0.016,16.0,True,0.018,2.0
268,657,249,607,1.52,1520.0,False,,
269,97,250,90,0.959,959.0,True,1.0,41.0
269,138,250,129,1.21,1210.0,False,,
269,307,250,284,0.153,153.0,False,,
269,461,250,425,1.1,1100.0,True,0.919,181.0
269,466,250,430,0.925,925.0,False,,
269,470,250,434,0.943,943.0,True,0.914,29.0
269,510,250,471,1.16,1160.0,True,1.29,130.0
269,646,250,598,1.34,1340.0,True,1.23,110.0
270,422,251,387,0.346,346.0,True,0.347,1.0
271,338,252,313,0.241,241.0,True,0.125,116.0
271,368,252,341,0.517,517.0,True,0.501,16.0
271,477,252,440,0.731,731.0,True,0.786,55.0
272,371,253,344,0.468,468.0,True,0.488,20.0
272,403,253,371,0.366,366.0,True,0.377,11.0
273,13,254,10,1.05,1050.0,False,,
273,259,254,242,0.876,876.0,True,0.937,61.0
273,423,254,388,0.009,9.0,True,0.011,2.0
274,111,255,103,1.12,1120.0,True,1.16,40.0
274,208,255,194,0.903,903.0,True,0.795,108.0
275,109,256,101,3.67,3670.0,True,3.52,150.0
275,445,256,409,1.9,1900.0,True,1.92,20.0
275,453,256,417,1.24,1240.0,True,1.23,10.0
275,570,256,528,3.34,3340.0,True,3.37,30.0
276,11,257,8,1.53,1530.0,True,1.54,10.0
276,149,257,140,1.14,1140.0,True,1.15,10.0
276,232,257,218,0.904,904.0,True,0.915,11.0
276,311,257,288,1.23,1230.0,False,,
276,340,257,315,0.681,681.0,True,0.69,9.0
276,387,257,357,3.14,3140.0,False,,
276,429,257,394,2.74,2740.0,True,2.72,20.0
276,501,257,463,0.702,702.0,True,0.7,2.0
276,608,257,566,3.12,3120.0,True,3.11,10.0
277,10,258,7,0.589,589.0,False,,
277,244,258,229,0.019,19.0,True,0.036,17.0
277,613,258,570,0.734,734.0,False,,
278,48,259,44,0.086,86.0,True,0.107,21.0
278,130,259,121,0.315,315.0,True,0.34,25.0
278,583,259,541,0.834,834.0,False,,
279,245,260,230,0.111,111.0,True,0.129,18.0
279,284,260,264,0.918,918.0,False,,
279,356,260,330,1.19,1190.0,False,,
279,415,260,382,2.1,2100.0,False,,
280,77,261,71,2.17,2170.0,False,,
280,261,261,244,2.26,2260.0,False,,
282,182,262,171,1.34,1340.0,True,1.07,270.0
282,526,262,485,1.53,1530.0,True,1.4,130.0
282,564,262,522,0.642,642.0,True,0.676,34.0
283,109,263,101,0.878,878.0,True,0.825,53.0
283,127,263,118,2.38,2380.0,True,2.481,101.0
283,480,263,443,0.056,56.0,True,0.041,15.0
283,570,263,528,1.65,1650.0,False,,
285,112,265,104,0.735,735.0,True,0.736,1.0
285,375,265,348,1.1,1100.0,True,1.16,60.0
285,583,265,541,0.082,82.0,False,,
286,104,266,96,0.264,264.0,True,0.27,6.0
286,325,266,301,1.21,1210.0,True,1.61,400.0
286,482,266,445,0.911,911.0,False,,
286,536,266,494,0.227,227.0,True,0.234,7.0
287,104,267,96,1.71,1710.0,False,,
287,178,267,167,1.71,1710.0,False,,
287,286,267,266,1.79,1790.0,False,,
287,325,267,301,0.614,614.0,True,0.626,12.0
287,482,267,445,1.28,1280.0,True,1.29,10.0
287,520,267,481,0.219,219.0,True,0.045,174.0
287,536,267,494,2.02,2020.0,False,,
288,566,268,524,1.46,1460.0,False,,
288,598,268,556,0.316,316.0,True,0.362,46.0
289,268,269,249,4.15,4150.0,True,1.5,2650.0
289,556,269,514,4.13,4130.0,False,,
289,657,269,607,0.009,9.0,False,,
290,209,270,195,0.031,31.0,True,0.025,6.0
290,451,270,415,0.032,32.0,True,0.029,3.0
291,214,271,200,0.369,369.0,True,0.316,53.0
291,222,271,208,0.387,387.0,True,0.288,99.0
291,390,271,359,0.064,64.0,True,0.072,8.0
291,561,271,519,0.109,109.0,True,0.142,33.0
292,56,272,52,2.84,2840.0,False,,
292,142,272,133,1.76,1760.0,True,2.01,250.0
292,372,272,345,1.82,1820.0,False,,
293,80,273,74,0.149,149.0,True,0.15,1.0
293,630,273,585,0.813,813.0,True,0.838,25.0
295,26,274,23,0.666,666.0,True,0.65,16.0
295,212,274,198,0.796,796.0,False,,
295,312,274,289,0.567,567.0,True,0.591,24.0
295,574,274,532,0.387,387.0,True,0.356,31.0
296,144,275,135,1.31,1310.0,False,,
296,433,275,398,0.807,807.0,False,,
296,603,275,561,0.061,61.0,True,0.06,1.0
297,118,276,109,1.98,1980.0,True,2.26,280.0
297,247,276,232,1.68,1680.0,True,1.66,20.0
297,472,276,435,0.408,408.0,True,0.338,70.0
299,68,277,64,1.14,1140.0,True,0.303,837.0
299,82,277,76,0.354,354.0,False,,
299,126,277,117,0.4,400.0,False,,
299,376,277,349,0.176,176.0,True,0.189,13.0
300,258,278,241,0.43,430.0,True,0.41,20.0
300,500,278,462,1.5,1500.0,False,,
300,527,278,486,0.091,91.0,True,0.153,62.0
301,234,279,220,0.047,47.0,False,,
302,43,280,39,0.144,144.0,True,0.134,10.0
302,113,280,105,0.35,350.0,False,,
302,526,280,485,2.5,2500.0,True,1.68,820.0
302,586,280,544,2.48,2480.0,False,,
303,550,281,508,3.04,3040.0,False,,
303,602,281,560,3.25,3250.0,False,,
304,107,282,99,4.72,4720.0,True,3.28,1440.0
304,127,282,118,3.62,3620.0,False,,
304,163,282,152,1.06,1060.0,False,,
304,202,282,189,1.04,1040.0,True,0.475,565.0
304,379,282,352,5.37,5370.0,True,5.29,80.0
304,480,282,443,2.84,2840.0,True,3.13,290.0
304,584,282,542,0.944,944.0,False,,
305,20,283,17,0.737,737.0,False,,
305,126,283,117,0.71,710.0,True,0.72,10.0
305,235,283,221,0.845,845.0,False,,
305,376,283,349,0.855,855.0,True,0.837,18.0
305,517,283,478,0.185,185.0,True,0.193,8.0
305,568,283,526,0.565,565.0,False,,
305,592,283,550,0.715,715.0,True,0.73,15.0
307,364,284,337,0.165,165.0,False,,
307,462,284,426,0.15,150.0,True,0.126,24.0
308,179,285,168,3.14,3140.0,True,3.18,40.0
308,303,285,281,0.909,909.0,False,,
308,502,285,464,3.41,3410.0,True,3.44,30.0
308,515,285,476,3.61,3610.0,False,,
308,527,285,486,1.12,1120.0,True,1.16,40.0
308,544,285,502,3.23,3230.0,False,,
308,585,285,543,2.3,2300.0,True,2.3,0.0
308,647,285,599,3.04,3040.0,True,3.05,10.0
309,148,286,139,0.453,453.0,False,,
310,17,287,14,0.56,560.0,False,,
310,45,287,41,1.05,1050.0,True,1.28,230.0
310,217,287,203,0.56,560.0,False,,
310,223,287,209,0.587,587.0,True,0.443,144.0
310,266,287,247,0.923,923.0,False,,
310,440,287,404,0.967,967.0,True,0.695,272.0
310,448,287,412,1.09,1090.0,False,,
311,26,288,23,0.986,986.0,False,,
311,149,288,140,1.42,1420.0,True,1.42,0.0
311,232,288,218,0.232,232.0,True,0.29,58.0
311,345,288,320,0.396,396.0,False,,
311,358,288,332,0.151,151.0,False,,
312,143,289,134,0.747,747.0,True,0.77,23.0
312,213,289,199,0.791,791.0,True,0.789,2.0
312,295,289,274,0.591,591.0,True,0.567,24.0
312,523,289,482,1.02,1020.0,True,0.995,25.0
313,108,290,100,0.345,345.0,True,0.187,158.0
313,189,290,177,0.108,108.0,True,0.099,9.0
313,648,290,600,0.42,420.0,False,,
314,119,291,110,0.16,160.0,False,,
314,355,291,329,0.177,177.0,False,,
314,382,291,354,0.087,87.0,False,,
315,363,292,336,0.5,500.0,True,0.483,17.0
316,159,293,148,0.414,414.0,False,,
316,357,293,331,0.493,493.0,False,,
316,414,293,381,0.716,716.0,False,,
316,537,293,495,0.305,305.0,False,,
317,85,294,79,0.28,280.0,True,0.19,90.0
317,243,294,228,0.285,285.0,False,,
317,455,294,419,0.231,231.0,True,0.248,17.0
317,636,294,591,0.205,205.0,False,,
318,155,295,145,0.328,328.0,True,0.233,95.0
318,414,295,381,0.388,388.0,False,,
318,450,295,414,0.576,576.0,True,0.518,58.0
318,653,295,603,0.573,573.0,True,0.792,219.0
319,83,296,77,0.581,581.0,False,,
319,332,296,308,2.06,2060.0,False,,
319,392,296,361,0.015,15.0,True,0.051,36.0
319,512,296,473,3.09,3090.0,False,,
320,38,297,34,0.488,488.0,True,0.783,295.0
320,260,297,243,0.465,465.0,True,0.46,5.0
320,422,297,387,0.407,407.0,True,0.386,21.0
320,501,297,463,0.441,441.0,True,0.428,13.0
321,31,298,28,0.831,831.0,True,0.16,671.0
321,404,298,372,0.547,547.0,True,0.926,379.0
323,192,299,179,1.38,1380.0,True,1.37,10.0
323,209,299,195,1.42,1420.0,True,1.52,100.0
323,513,299,474,1.76,1760.0,False,,
324,48,300,44,2.2,2200.0,False,,
324,102,300,94,1.76,1760.0,False,,
324,130,300,121,2.4,2400.0,False,,
324,166,300,155,2.61,2610.0,False,,
324,508,300,469,1.84,1840.0,False,,
325,104,301,96,1.27,1270.0,True,1.28,10.0
325,229,301,215,0.225,225.0,True,0.242,17.0
325,286,301,266,1.61,1610.0,True,1.21,400.0
325,287,301,267,0.626,626.0,True,0.614,12.0
325,482,301,445,0.681,681.0,False,,
326,64,302,60,0.472,472.0,True,0.395,77.0
326,84,302,78,2.63,2630.0,False,,
326,205,302,191,1.47,1470.0,False,,
326,238,302,224,1.47,1470.0,False,,
326,363,302,336,2.55,2550.0,True,2.56,10.0
326,579,302,537,1.34,1340.0,True,1.43,90.0
327,454,303,418,0.715,715.0,False,,
327,532,303,491,0.433,433.0,True,0.31,123.0
327,616,303,573,0.03,30.0,True,0.139,109.0
327,634,303,589,0.985,985.0,True,0.994,9.0
328,41,304,37,1.28,1280.0,True,1.39,110.0
328,44,304,40,0.289,289.0,True,0.294,5.0
328,103,304,95,0.108,108.0,True,0.19,82.0
328,605,304,563,1.61,1610.0,False,,
329,134,305,125,1.15,1150.0,False,,
329,160,305,149,0.387,387.0,True,0.405,18.0
329,516,305,477,1.58,1580.0,False,,
330,63,306,59,0.556,556.0,True,0.727,171.0
330,187,306,175,0.15,150.0,True,0.38,230.0
330,346,306,321,0.444,444.0,True,0.446,2.0
331,4,307,3,1.09,1090.0,True,1.1,10.0
331,65,307,61,1.16,1160.0,False,,
331,108,307,100,0.992,992.0,False,,
331,115,307,107,0.616,616.0,True,0.642,26.0
331,151,307,141,1.27,1270.0,False,,
331,189,307,177,0.901,901.0,False,,
331,214,307,200,0.834,834.0,False,,
331,231,307,217,0.793,793.0,False,,
331,262,307,245,0.838,838.0,False,,
331,299,307,277,1.29,1290.0,False,,
331,313,307,290,0.981,981.0,False,,
331,525,307,484,0.414,414.0,True,0.39,24.0
331,546,307,504,1.29,1290.0,True,1.34,50.0
331,553,307,511,1.02,1020.0,True,0.992,28.0
331,607,307,565,0.899,899.0,True,0.907,8.0
331,622,307,579,0.254,254.0,False,,
332,483,308,446,1.44,1440.0,True,1.44,0.0
332,512,308,473,1.67,1670.0,False,,
333,26,309,23,0.355,355.0,True,0.351,4.0
333,380,309,353,0.957,957.0,False,,
333,438,309,402,0.583,583.0,True,0.605,22.0
333,452,309,416,0.703,703.0,False,,
334,81,310,75,0.775,775.0,True,0.77,5.0
334,324,310,300,0.033,33.0,False,,
334,631,310,586,1.1,1100.0,True,1.11,10.0
336,32,311,29,0.543,543.0,True,0.706,163.0
336,367,311,340,0.566,566.0,False,,
336,369,311,342,1.24,1240.0,False,,
336,376,311,349,0.563,563.0,False,,
336,402,311,370,1.15,1150.0,False,,
337,51,312,47,0.46,460.0,True,0.484,24.0
337,249,312,233,0.245,245.0,True,0.224,21.0
337,449,312,413,1.27,1270.0,True,1.21,60.0
338,271,313,252,0.125,125.0,True,0.241,116.0
338,348,313,322,1.48,1480.0,True,1.32,160.0
338,368,313,341,0.551,551.0,False,,
338,409,313,377,2.44,2440.0,True,2.38,60.0
338,435,313,400,1.17,1170.0,False,,
338,458,313,422,2.18,2180.0,False,,
339,99,314,92,0.46,460.0,False,,
339,129,314,120,0.45,450.0,False,,
339,439,314,403,0.08,80.0,True,0.02,60.0
340,260,315,243,0.431,431.0,True,0.47,39.0
340,276,315,257,0.69,690.0,True,0.681,9.0
340,320,315,297,0.65,650.0,False,,
340,535,315,493,0.245,245.0,True,0.234,11.0
341,1,316,0,0.197,197.0,False,,
341,523,316,482,0.2,200.0,True,0.225,25.0
342,168,317,157,0.093,93.0,True,0.085,8.0
343,18,318,15,1.06,1060.0,False,,
343,51,318,47,1.32,1320.0,True,1.33,10.0
343,55,318,51,1.54,1540.0,True,1.52,20.0
343,144,318,135,2.52,2520.0,True,2.62,100.0
343,249,318,233,0.904,904.0,True,0.877,27.0
343,630,318,585,0.276,276.0,True,0.28,4.0
344,192,319,179,2.02,2020.0,True,2.04,20.0
344,552,319,510,1.18,1180.0,False,,
344,633,319,588,0.673,673.0,True,0.737,64.0
345,212,320,198,0.142,142.0,False,,
345,295,320,274,0.962,962.0,False,,
345,312,320,289,0.4,400.0,False,,
345,523,320,482,0.811,811.0,True,0.777,34.0
346,318,321,295,0.645,645.0,False,,
346,330,321,306,0.446,446.0,True,0.444,2.0
346,444,321,408,0.175,175.0,False,,
348,54,322,50,1.51,1510.0,True,1.51,0.0
348,240,322,226,0.98,980.0,True,0.927,53.0
348,338,322,313,1.32,1320.0,True,1.48,160.0
348,458,322,422,1.54,1540.0,False,,
349,95,323,88,0.05,50.0,True,0.03,20.0
349,123,323,114,0.727,727.0,False,,
349,268,323,249,0.639,639.0,True,0.615,24.0
349,556,323,514,0.639,639.0,True,0.565,74.0
350,247,324,232,1.71,1710.0,True,1.74,30.0
350,297,324,276,2.33,2330.0,False,,
350,429,324,394,1.57,1570.0,True,1.57,0.0
350,535,324,493,0.377,377.0,True,0.333,44.0
350,600,324,558,0.733,733.0,False,,
351,46,325,42,0.624,624.0,True,0.64,16.0
351,88,325,81,2.83,2830.0,False,,
351,175,325,164,0.809,809.0,True,0.785,24.0
351,284,325,264,0.524,524.0,False,,
351,433,325,398,3.07,3070.0,False,,
351,580,325,538,3.39,3390.0,False,,
351,656,325,606,3.03,3030.0,False,,
352,101,326,93,0.697,697.0,False,,
352,170,326,159,0.729,729.0,False,,
352,375,326,348,0.993,993.0,True,0.929,64.0
353,316,327,293,0.212,212.0,False,,
354,613,328,570,0.729,729.0,True,1.31,581.0
355,59,329,55,0.334,334.0,False,,
356,147,330,138,2.23,2230.0,False,,
356,154,330,144,2.23,2230.0,False,,
356,245,330,230,1.11,1110.0,False,,
356,274,330,255,1.95,1950.0,False,,
356,398,330,366,0.465,465.0,True,0.573,108.0
356,415,330,382,2.8,2800.0,True,2.49,310.0
356,459,330,423,2.23,2230.0,True,2.04,190.0
356,510,330,471,2.93,2930.0,False,,
357,124,331,115,0.297,297.0,True,0.208,89.0
357,159,331,148,0.514,514.0,False,,
357,460,331,424,0.201,201.0,False,,
357,567,331,525,0.555,555.0,True,0.357,198.0
358,85,332,79,0.55,550.0,False,,
358,159,332,148,0.949,949.0,True,0.164,785.0
358,243,332,228,0.607,607.0,True,0.875,268.0
358,537,332,495,0.787,787.0,False,,
358,636,332,591,0.478,478.0,False,,
358,648,332,600,0.948,948.0,False,,
360,126,333,117,1.22,1220.0,False,,
360,235,333,221,0.985,985.0,False,,
360,376,333,349,1.4,1400.0,False,,
360,487,333,450,0.725,725.0,False,,
360,517,333,478,0.193,193.0,True,0.168,25.0
360,609,333,567,0.214,214.0,True,0.206,8.0
361,198,334,185,0.758,758.0,True,1.52,762.0
361,205,334,191,4.72,4720.0,False,,
361,238,334,224,4.72,4720.0,False,,
361,491,334,454,1.8,1800.0,True,1.14,660.0
361,588,334,546,3.42,3420.0,False,,
362,142,335,133,0.274,274.0,True,0.34,66.0
362,230,335,216,0.769,769.0,True,0.919,150.0
363,273,336,254,0.078,78.0,False,,
363,315,336,292,0.483,483.0,True,0.5,17.0
363,326,336,302,2.56,2560.0,True,2.55,10.0
363,423,336,388,0.078,78.0,True,0.068,10.0
364,365,337,338,0.676,676.0,True,0.53,146.0
364,422,337,387,0.338,338.0,True,0.299,39.0
365,311,338,288,0.145,145.0,False,,
365,364,338,337,0.53,530.0,True,0.676,146.0
365,413,338,380,0.415,415.0,False,,
366,69,339,65,0.99,990.0,True,0.286,704.0
366,140,339,131,0.733,733.0,False,,
366,242,339,227,0.522,522.0,True,0.282,240.0
366,405,339,373,0.522,522.0,False,,
366,406,339,374,0.593,593.0,False,,
366,528,339,487,0.673,673.0,False,,
366,653,339,603,1.02,1020.0,False,,
367,68,340,64,0.49,490.0,False,,
368,162,341,151,0.065,65.0,True,0.186,121.0
368,237,341,223,0.618,618.0,False,,
368,271,341,252,0.501,501.0,True,0.517,16.0
369,299,342,277,1.16,1160.0,False,,
369,402,342,370,0.31,310.0,True,0.285,25.0
369,546,342,504,1.15,1150.0,True,1.14,10.0
370,201,343,188,2.34,2340.0,True,2.31,30.0
370,373,343,346,4.51,4510.0,False,,
371,272,344,253,0.488,488.0,True,0.468,20.0
371,511,344,472,0.308,308.0,True,0.316,8.0
372,142,345,133,0.911,911.0,True,0.811,100.0
372,410,345,378,0.844,844.0,True,1.06,216.0
372,485,345,448,0.06,60.0,True,0.049,11.0
373,98,346,91,2.14,2140.0,False,,
374,106,347,98,0.782,782.0,False,,
374,183,347,172,4.61,4610.0,True,4.64,30.0
374,430,347,395,2.45,2450.0,True,2.44,10.0
375,285,348,265,1.16,1160.0,True,1.1,60.0
375,352,348,326,0.929,929.0,True,0.993,64.0
376,20,349,17,2.71,2710.0,False,,
376,32,349,29,0.493,493.0,True,0.774,281.0
376,92,349,85,1.49,1490.0,False,,
376,299,349,277,0.189,189.0,True,0.176,13.0
376,305,349,283,0.837,837.0,True,0.855,18.0
376,321,349,298,1.882,1882.0,False,,
376,404,349,372,2.346,2346.0,True,1.94,406.0
376,487,349,450,1.49,1490.0,False,,
376,546,349,504,0.189,189.0,True,0.188,1.0
376,568,349,526,1.38,1380.0,True,1.36,20.0
376,592,349,550,1.5,1500.0,True,1.5,0.0
377,14,350,11,3.71,3710.0,True,3.772,62.0
377,314,350,291,2.466,2466.0,False,,
377,410,350,378,0.646,646.0,True,0.822,176.0
378,428,351,393,0.501,501.0,False,,
378,479,351,442,0.798,798.0,True,0.422,376.0
378,549,351,507,0.15,150.0,False,,
379,107,352,99,4.86,4860.0,False,,
379,109,352,101,2.77,2770.0,True,2.8,30.0
379,220,352,206,5.53,5530.0,False,,
379,275,352,256,4.67,4670.0,False,,
379,283,352,263,2.98,2980.0,False,,
379,304,352,282,5.29,5290.0,True,5.37,80.0
379,407,352,375,4.16,4160.0,False,,
379,453,352,417,4.16,4160.0,False,,
379,480,352,443,2.98,2980.0,True,5.76,2780.0
379,505,352,467,5.53,5530.0,False,,
380,171,353,160,0.888,888.0,False,,
380,181,353,170,0.824,824.0,False,,
380,421,353,386,0.403,403.0,False,,
380,437,353,401,0.334,334.0,False,,
380,438,353,402,0.385,385.0,True,0.364,21.0
380,476,353,439,0.498,498.0,False,,
380,623,353,580,0.769,769.0,False,,
382,119,354,110,0.16,160.0,False,,
382,434,354,399,0.311,311.0,True,0.352,41.0
382,476,354,439,0.284,284.0,True,0.264,20.0
384,176,355,165,2.2,2200.0,True,1.92,280.0
384,208,355,194,5.8,5800.0,False,,
384,261,355,244,4.42,4420.0,False,,
385,216,356,202,0.01,10.0,True,0.025,15.0
385,408,356,376,0.803,803.0,True,0.788,15.0
385,412,356,379,0.882,882.0,False,,
387,11,357,8,2.52,2520.0,True,2.72,200.0
387,147,357,138,1.71,1710.0,False,,
387,149,357,140,2.92,2920.0,True,2.9,20.0
387,154,357,144,1.71,1710.0,True,1.69,20.0
387,228,357,214,2.89,2890.0,True,3.06,170.0
387,340,357,315,3.33,3330.0,False,,
387,350,357,324,3.07,3070.0,False,,
387,429,357,394,1.54,1540.0,False,,
387,459,357,423,1.71,1710.0,False,,
387,535,357,493,3.31,3310.0,False,,
387,608,357,566,0.978,978.0,True,0.995,17.0
389,16,358,13,0.508,508.0,True,0.58,72.0
389,44,358,40,0.468,468.0,True,0.48,12.0
389,57,358,53,0.225,225.0,True,0.22,5.0
389,71,358,67,0.291,291.0,True,0.314,23.0
389,394,358,362,0.3,300.0,False,,
390,187,359,175,0.198,198.0,True,0.098,100.0
390,222,359,208,0.317,317.0,False,,
390,291,359,271,0.072,72.0,True,0.064,8.0
390,318,359,295,1.16,1160.0,False,,
390,330,359,306,0.479,479.0,False,,
390,543,359,501,0.867,867.0,False,,
391,39,360,35,0.968,968.0,True,0.883,85.0
391,134,360,125,1.89,1890.0,True,1.83,60.0
391,160,360,149,1.4,1400.0,True,1.34,60.0
391,216,360,202,2.46,2460.0,False,,
391,332,360,308,3.46,3460.0,False,,
391,385,360,356,2.46,2460.0,False,,
391,468,360,432,1.07,1070.0,False,,
392,211,361,197,1.21,1210.0,True,1.88,670.0
392,319,361,296,0.051,51.0,True,0.015,36.0
392,332,361,308,2.17,2170.0,False,,
392,512,361,473,3.17,3170.0,False,,
394,190,362,178,0.128,128.0,True,0.136,8.0
395,200,363,187,2.27,2270.0,True,2.29,20.0
395,491,363,454,1.82,1820.0,True,1.85,30.0
395,588,363,546,2.14,2140.0,True,2.1,40.0
396,18,364,15,0.303,303.0,False,,
396,80,364,74,0.14,140.0,True,0.23,90.0
396,90,364,83,1.04,1040.0,False,,
396,161,364,150,1.03,1030.0,True,1.04,10.0
396,253,364,236,1.05,1050.0,False,,
396,484,364,447,1.28,1280.0,True,1.59,310.0
396,532,364,491,0.433,433.0,True,0.364,69.0
396,560,364,518,1.48,1480.0,True,1.51,30.0
397,204,365,190,0.529,529.0,False,,
397,469,365,433,0.087,87.0,True,0.152,65.0
398,29,366,26,0.665,665.0,True,0.7,35.0
398,111,366,103,1.5,1500.0,True,1.52,20.0
398,245,366,230,1.53,1530.0,False,,
398,356,366,330,0.573,573.0,True,0.465,108.0
399,96,367,89,0.791,791.0,False,,
399,416,367,383,1.64,1640.0,False,,
399,520,367,481,1.45,1450.0,True,0.481,969.0
400,3,368,2,0.547,547.0,True,0.664,117.0
401,42,369,38,0.905,905.0,False,,
401,73,369,69,0.583,583.0,False,,
401,434,369,399,0.5,500.0,True,0.409,91.0
402,369,370,342,0.285,285.0,True,0.31,25.0
402,650,370,601,0.278,278.0,True,0.273,5.0
403,272,371,253,0.377,377.0,True,0.366,11.0
403,577,371,535,1.55,1550.0,False,,
403,596,371,554,1.7,1700.0,True,1.7,0.0
404,20,372,17,0.619,619.0,True,0.581,38.0
404,31,372,28,0.397,397.0,True,0.547,150.0
404,305,372,283,1.62,1620.0,False,,
404,321,372,298,0.926,926.0,True,0.547,379.0
404,376,372,349,1.94,1940.0,True,2.346,406.0
404,592,372,550,0.922,922.0,True,0.976,54.0
405,242,373,227,0.636,636.0,True,0.029,607.0
405,495,373,457,0.3,300.0,False,,
405,653,373,603,0.836,836.0,False,,
406,140,374,131,0.74,740.0,True,0.228,512.0
406,143,374,134,0.478,478.0,False,,
406,242,374,227,0.915,915.0,False,,
406,252,374,235,0.143,143.0,True,0.178,35.0
406,405,374,373,0.915,915.0,False,,
406,528,374,487,0.69,690.0,False,,
406,653,374,603,1.05,1050.0,False,,
407,109,375,101,2.98,2980.0,True,3.03,50.0
407,453,375,417,0.04,40.0,True,0.041,1.0
408,39,376,35,0.165,165.0,True,0.155,10.0
408,216,376,202,0.788,788.0,True,0.803,15.0
408,385,376,356,0.788,788.0,True,0.803,15.0
409,7,377,5,0.302,302.0,True,0.336,34.0
409,162,377,151,2.17,2170.0,True,2.22,50.0
409,167,377,156,0.61,610.0,True,0.575,35.0
409,271,377,252,2.42,2420.0,False,,
409,338,377,313,2.38,2380.0,True,2.44,60.0
409,368,377,341,2.12,2120.0,False,,
409,435,377,400,1.57,1570.0,False,,
410,372,378,345,1.06,1060.0,True,0.844,216.0
410,377,378,350,0.822,822.0,True,0.646,176.0
410,485,378,448,1.09,1090.0,False,,
412,25,379,22,0.953,953.0,True,0.971,18.0
412,216,379,202,2.7,2700.0,True,0.882,1818.0
413,565,380,523,1.78,1780.0,True,1.83,50.0
414,124,381,115,0.285,285.0,True,0.284,1.0
414,159,381,148,0.323,323.0,False,,
414,357,381,331,0.403,403.0,False,,
414,537,381,495,0.175,175.0,False,,
414,567,381,525,0.409,409.0,True,0.391,18.0
415,11,382,8,1.47,1470.0,True,1.81,340.0
415,245,382,230,2.09,2090.0,False,,
415,356,382,330,2.49,2490.0,True,2.8,310.0
415,459,382,423,1.23,1230.0,False,,
415,510,382,471,1.32,1320.0,True,1.32,0.0
416,188,383,176,0.486,486.0,False,,
416,246,383,231,0.056,56.0,True,0.069,13.0
418,153,384,143,0.104,104.0,True,0.085,19.0
418,329,384,305,0.92,920.0,False,,
418,547,384,505,0.522,522.0,False,,
418,554,384,512,0.55,550.0,True,0.538,12.0
418,582,384,540,0.46,460.0,True,0.461,1.0
419,173,385,162,0.592,592.0,True,0.595,3.0
419,237,385,223,0.548,548.0,True,1.37,822.0
419,368,385,341,1.0,1000.0,False,,
419,554,385,512,0.753,753.0,True,1.9,1147.0
421,171,386,160,0.902,902.0,False,,
421,574,386,532,0.669,669.0,True,0.69,21.0
421,654,386,604,0.633,633.0,True,0.625,8.0
422,232,387,218,0.482,482.0,False,,
422,270,387,251,0.347,347.0,True,0.346,1.0
422,311,387,288,0.693,693.0,False,,
422,320,387,297,0.386,386.0,True,0.407,21.0
422,364,387,337,0.299,299.0,True,0.338,39.0
423,273,388,254,0.011,11.0,True,0.009,2.0
423,363,388,336,0.068,68.0,True,0.078,10.0
424,236,389,222,3.68,3680.0,True,4.14,460.0
425,3,390,2,1.32,1320.0,True,1.12,200.0
425,338,390,313,2.22,2220.0,False,,
425,348,390,322,1.6,1600.0,False,,
425,458,390,422,0.144,144.0,True,0.099,45.0
426,120,391,111,0.319,319.0,False,,
426,198,391,185,2.04,2040.0,False,,
426,361,391,334,1.8,1800.0,False,,
427,47,392,43,0.435,435.0,True,0.436,1.0
427,229,392,215,0.127,127.0,True,0.112,15.0
427,482,392,445,0.435,435.0,True,0.43,5.0
427,496,392,458,0.2,200.0,True,0.188,12.0
428,151,393,141,0.329,329.0,False,,
428,317,393,294,0.855,855.0,False,,
428,455,393,419,0.683,683.0,True,0.683,0.0
428,479,393,442,0.85,850.0,False,,
428,549,393,507,0.292,292.0,True,0.306,14.0
429,247,394,232,1.43,1430.0,True,1.41,20.0
429,276,394,257,2.72,2720.0,True,2.74,20.0
429,350,394,324,1.57,1570.0,True,1.57,0.0
429,608,394,566,0.688,688.0,True,0.706,18.0
430,180,395,169,2.1,2100.0,True,2.12,20.0
430,183,395,172,4.2,4200.0,False,,
430,374,395,347,2.44,2440.0,True,2.45,10.0
431,73,396,69,0.222,222.0,True,0.205,17.0
431,365,396,338,0.385,385.0,False,,
432,58,397,54,1.38,1380.0,True,1.41,30.0
433,15,398,12,0.825,825.0,True,0.825,0.0
433,138,398,129,0.721,721.0,True,0.933,212.0
433,175,398,164,0.8,800.0,True,0.8,0.0
433,540,398,498,1.4,1400.0,True,1.27,130.0
433,580,398,538,0.9,900.0,True,0.918,18.0
433,656,398,606,0.27,270.0,True,0.285,15.0
434,42,399,38,0.261,261.0,True,0.24,21.0
434,382,399,354,0.352,352.0,True,0.311,41.0
434,401,399,369,0.409,409.0,True,0.5,91.0
435,54,400,50,0.034,34.0,True,0.033,1.0
435,152,400,142,0.343,343.0,True,0.335,8.0
435,518,400,479,2.14,2140.0,False,,
435,558,400,516,1.85,1850.0,False,,
437,171,401,160,0.836,836.0,False,,
437,421,401,386,0.132,132.0,False,,
438,333,402,309,0.605,605.0,True,0.583,22.0
438,380,402,353,0.364,364.0,True,0.385,21.0
438,574,402,532,1.06,1060.0,False,,
438,603,402,561,1.06,1060.0,True,1.06,0.0
439,339,403,314,0.02,20.0,True,0.08,60.0
439,644,403,596,0.791,791.0,True,0.78,11.0
440,233,404,219,0.485,485.0,False,,
440,310,404,287,0.695,695.0,True,0.967,272.0
440,575,404,533,0.179,179.0,False,,
441,318,405,295,0.823,823.0,False,,
441,330,405,306,0.738,738.0,False,,
441,543,405,501,0.479,479.0,True,0.151,328.0
441,607,405,565,0.596,596.0,False,,
442,33,406,30,0.477,477.0,False,,
442,441,406,405,0.434,434.0,False,,
442,495,406,457,0.873,873.0,True,0.536,337.0
442,543,406,501,0.559,559.0,True,0.56,1.0
442,653,406,603,0.334,334.0,True,0.708,374.0
444,33,408,30,0.36,360.0,False,,
445,275,409,256,1.92,1920.0,True,1.9,20.0
445,570,409,528,2.71,2710.0,True,2.68,30.0
447,280,411,261,5.24,5240.0,False,,
447,635,411,590,0.484,484.0,True,0.47,14.0
448,66,412,62,0.193,193.0,True,0.13,63.0
448,266,412,247,0.394,394.0,False,,
449,139,413,130,0.622,622.0,True,0.738,116.0
449,213,413,199,0.383,383.0,True,0.4,17.0
449,337,413,312,1.21,1210.0,True,1.27,60.0
449,450,413,414,0.836,836.0,False,,
449,492,413,455,0.661,661.0,True,0.36,301.0
449,612,413,569,0.737,737.0,False,,
450,140,414,131,0.38,380.0,False,,
450,155,414,145,0.242,242.0,True,0.203,39.0
450,318,414,295,0.518,518.0,True,0.576,58.0
450,473,414,436,0.223,223.0,False,,
450,528,414,487,0.335,335.0,True,0.299,36.0
451,84,415,78,1.79,1790.0,True,1.76,30.0
451,146,415,137,1.56,1560.0,True,1.54,20.0
451,192,415,179,1.8,1800.0,True,1.8,0.0
451,290,415,270,0.029,29.0,True,0.032,3.0
452,437,416,401,0.466,466.0,False,,
452,438,416,402,0.943,943.0,False,,
452,476,416,439,1.05,1050.0,False,,
452,574,416,532,0.06,60.0,True,0.055,5.0
452,654,416,604,0.519,519.0,True,0.525,6.0
453,275,417,256,1.23,1230.0,True,1.24,10.0
453,407,417,375,0.041,41.0,True,0.04,1.0
454,80,418,74,1.68,1680.0,True,1.66,20.0
454,145,418,136,0.123,123.0,True,0.157,34.0
454,161,418,150,2.17,2170.0,False,,
454,360,418,333,0.497,497.0,False,,
454,372,418,345,0.702,702.0,False,,
454,532,418,491,1.0,1000.0,True,1.01,10.0
454,568,418,526,0.468,468.0,True,0.444,24.0
454,634,418,589,0.66,660.0,True,0.686,26.0
455,121,419,112,0.123,123.0,True,0.14,17.0
455,151,419,141,0.923,923.0,False,,
455,242,419,227,0.462,462.0,False,,
455,317,419,294,0.248,248.0,True,0.231,17.0
455,428,419,393,0.683,683.0,True,0.683,0.0
455,636,419,591,0.389,389.0,False,,
456,16,420,13,1.0,1000.0,False,,
456,35,420,32,0.683,683.0,True,0.472,211.0
456,44,420,40,0.899,899.0,True,0.862,37.0
456,79,420,73,0.693,693.0,True,0.75,57.0
456,169,420,158,0.693,693.0,False,,
456,353,420,327,0.769,769.0,False,,
457,220,421,206,0.214,214.0,True,0.198,16.0
457,505,421,467,0.214,214.0,False,,
458,52,422,48,1.298,1298.0,False,,
458,425,422,390,0.099,99.0,True,0.144,45.0
459,147,423,138,0.031,31.0,True,0.04,9.0
459,154,423,144,0.031,31.0,True,0.054,23.0
459,245,423,230,2.93,2930.0,False,,
459,356,423,330,2.04,2040.0,True,2.23,190.0
460,207,424,193,0.173,173.0,False,,
461,269,425,250,0.919,919.0,True,1.1,181.0
461,270,425,251,0.068,68.0,False,,
461,646,425,598,0.81,810.0,True,0.828,18.0
462,42,426,38,0.801,801.0,False,,
462,59,426,55,0.739,739.0,True,0.74,1.0
462,307,426,284,0.126,126.0,True,0.15,24.0
463,4,427,3,0.908,908.0,False,,
463,65,427,61,0.975,975.0,False,,
463,108,427,100,0.82,820.0,False,,
463,115,427,107,0.458,458.0,True,0.56,102.0
463,189,427,177,0.778,778.0,False,,
463,214,427,200,0.673,673.0,False,,
463,313,427,290,0.835,835.0,False,,
463,331,427,307,0.294,294.0,False,,
463,607,427,565,0.719,719.0,False,,
463,622,427,579,0.092,92.0,True,0.035,57.0
464,89,428,82,0.555,555.0,False,,
464,94,428,87,0.13,130.0,True,0.15,20.0
464,227,428,213,0.136,136.0,False,,
465,11,429,8,2.15,2150.0,False,,
465,144,429,135,1.87,1870.0,True,1.84,30.0
465,149,429,140,1.46,1460.0,True,1.44,20.0
465,269,429,250,0.774,774.0,False,,
465,510,429,471,1.15,1150.0,True,1.08,70.0
465,646,429,598,1.2,1200.0,True,1.52,320.0
466,475,430,438,0.899,899.0,False,,
466,597,430,555,1.44,1440.0,False,,
467,61,431,57,2.54,2540.0,False,,
468,2,432,1,2.36,2360.0,True,2.46,100.0
468,10,432,7,0.456,456.0,True,0.454,2.0
468,39,432,35,0.868,868.0,True,0.256,612.0
469,204,433,190,0.507,507.0,False,,
469,397,433,365,0.152,152.0,True,0.087,65.0
469,576,433,534,0.419,419.0,False,,
470,90,434,83,0.706,706.0,True,0.71,4.0
470,269,434,250,0.914,914.0,True,0.943,29.0
470,461,434,425,0.134,134.0,False,,
470,630,434,585,0.918,918.0,True,0.865,53.0
472,168,435,157,0.907,907.0,True,0.757,150.0
472,219,435,205,0.332,332.0,True,0.327,5.0
472,297,435,276,0.338,338.0,True,0.408,70.0
473,155,436,145,0.077,77.0,True,0.125,48.0
473,444,436,408,0.592,592.0,False,,
474,491,437,454,0.142,142.0,True,0.15,8.0
474,597,437,555,1.11,1110.0,False,,
475,14,438,11,5.74,5740.0,True,5.35,390.0
475,29,438,26,1.34,1340.0,True,1.39,50.0
475,46,438,42,0.169,169.0,True,0.18,11.0
475,245,438,230,0.797,797.0,True,0.696,101.0
476,119,439,110,0.234,234.0,False,,
476,382,439,354,0.264,264.0,True,0.284,20.0
476,438,439,402,0.333,333.0,False,,
476,603,439,561,1.26,1260.0,True,1.28,20.0
477,271,440,252,0.786,786.0,True,0.731,55.0
477,277,440,258,4.46,4460.0,False,,
477,618,440,575,0.03,30.0,True,0.02,10.0
478,41,441,37,0.83,830.0,True,2.1,1270.0
478,156,441,146,0.228,228.0,False,,
478,601,441,559,1.34,1340.0,False,,
478,605,441,563,1.22,1220.0,False,,
479,35,442,32,0.869,869.0,True,0.434,435.0
479,85,442,79,0.204,204.0,True,1.55,1346.0
479,316,442,293,0.6,600.0,False,,
479,358,442,332,1.02,1020.0,False,,
479,378,442,351,0.422,422.0,True,0.798,376.0
479,549,442,507,0.618,618.0,True,0.648,30.0
480,107,443,99,3.77,3770.0,True,3.72,50.0
480,283,443,263,0.041,41.0,True,0.056,15.0
480,304,443,282,3.13,3130.0,True,2.84,290.0
480,379,443,352,5.76,5760.0,True,2.98,2780.0
481,35,444,32,0.404,404.0,True,0.427,23.0
481,496,444,458,0.097,97.0,True,0.096,1.0
482,47,445,43,0.034,34.0,False,,
482,229,445,215,0.588,588.0,True,0.568,20.0
482,287,445,267,1.29,1290.0,True,1.28,10.0
482,399,445,367,1.75,1750.0,False,,
482,427,445,392,0.43,430.0,True,0.435,5.0
482,536,445,494,0.719,719.0,True,0.716,3.0
483,206,446,192,0.071,71.0,True,0.069,2.0
483,332,446,308,1.44,1440.0,True,1.44,0.0
484,80,447,74,1.23,1230.0,True,1.2,30.0
484,253,447,236,0.369,369.0,True,0.427,58.0
484,396,447,364,1.59,1590.0,True,1.28,310.0
484,560,447,518,0.323,323.0,True,0.31,13.0
485,372,448,345,0.049,49.0,True,0.06,11.0
486,1,449,0,0.901,901.0,True,0.345,556.0
486,27,449,24,0.212,212.0,True,0.23,18.0
486,589,449,547,0.613,613.0,False,,
487,92,450,85,0.124,124.0,True,0.057,67.0
487,222,450,208,0.179,179.0,False,,
487,561,450,519,0.505,505.0,False,,
488,49,451,45,0.198,198.0,True,0.2,2.0
488,503,451,465,0.53,530.0,False,,
488,604,451,562,0.139,139.0,False,,
488,632,451,587,0.174,174.0,True,0.186,12.0
490,163,453,152,1.17,1170.0,False,,
490,202,453,189,0.726,726.0,False,,
490,304,453,282,0.943,943.0,False,,
490,584,453,542,2.15,2150.0,False,,
491,361,454,334,1.14,1140.0,True,1.8,660.0
491,395,454,363,1.85,1850.0,True,1.82,30.0
491,474,454,437,0.15,150.0,True,0.142,8.0
492,143,455,134,0.732,732.0,False,,
492,213,455,199,0.379,379.0,True,0.376,3.0
492,252,455,235,0.271,271.0,True,0.236,35.0
492,449,455,413,0.36,360.0,True,0.661,301.0
493,193,456,180,1.67,1670.0,True,1.7,30.0
493,509,456,470,3.31,3310.0,True,2.4,910.0
493,526,456,485,1.33,1330.0,False,,
493,563,456,521,0.03,30.0,False,,
493,564,456,522,1.36,1360.0,False,,
495,89,457,82,0.152,152.0,True,0.829,677.0
495,242,457,227,0.658,658.0,False,,
495,442,457,406,0.536,536.0,True,0.873,337.0
496,121,458,112,1.62,1620.0,False,,
496,262,458,245,1.74,1740.0,False,,
496,427,458,392,0.188,188.0,True,0.2,12.0
496,428,458,393,1.37,1370.0,False,,
496,455,458,419,1.52,1520.0,False,,
496,481,458,444,0.096,96.0,True,0.097,1.0
496,549,458,507,1.13,1130.0,False,,
497,57,459,53,0.313,313.0,True,0.325,12.0
497,91,459,84,0.313,313.0,True,0.321,8.0
497,593,459,551,0.309,309.0,True,0.297,12.0
497,601,459,559,0.646,646.0,True,0.64,6.0
498,572,460,530,0.04,40.0,False,,
499,107,461,99,0.086,86.0,True,0.07,16.0
499,164,461,153,0.693,693.0,True,0.567,126.0
500,122,462,113,1.31,1310.0,False,,
500,544,462,502,0.085,85.0,True,0.02,65.0
500,620,462,577,3.24,3240.0,False,,
501,149,463,140,1.58,1580.0,True,1.58,0.0
501,232,463,218,0.229,229.0,True,0.212,17.0
501,260,463,243,0.2,200.0,True,0.219,19.0
501,276,463,257,0.7,700.0,True,0.702,2.0
501,320,463,297,0.428,428.0,True,0.441,13.0
501,422,463,387,0.743,743.0,False,,
502,179,464,168,1.65,1650.0,True,1.65,0.0
502,210,464,196,1.69,1690.0,True,1.37,320.0
502,308,464,285,3.44,3440.0,True,3.41,30.0
502,647,464,599,1.71,1710.0,True,1.67,40.0
503,37,465,33,1.63,1630.0,True,2.07,440.0
503,184,465,173,1.45,1450.0,False,,
503,185,465,174,1.26,1260.0,True,1.3,40.0
503,601,465,559,1.81,1810.0,False,,
504,15,466,12,2.11,2110.0,True,1.7,410.0
504,138,466,129,1.45,1450.0,True,1.27,180.0
504,269,466,250,1.91,1910.0,False,,
504,384,466,355,0.114,114.0,False,,
504,510,466,471,1.7,1700.0,False,,
504,590,466,548,0.084,84.0,False,,
505,220,467,206,0.01,10.0,False,,
507,397,468,365,0.327,327.0,False,,
507,558,468,516,0.647,647.0,True,0.43,217.0
507,606,468,564,0.686,686.0,False,,
507,642,468,595,0.893,893.0,False,,
508,24,469,21,0.797,797.0,True,0.825,28.0
508,102,469,94,1.36,1360.0,True,1.34,20.0
508,166,469,155,3.36,3360.0,True,3.36,0.0
509,493,470,456,2.4,2400.0,True,3.31,910.0
509,621,470,578,0.609,609.0,True,0.623,14.0
510,11,471,8,2.46,2460.0,True,2.84,380.0
510,97,471,90,1.98,1980.0,False,,
510,138,471,129,1.59,1590.0,True,1.79,200.0
510,269,471,250,1.29,1290.0,True,1.16,130.0
510,415,471,382,1.32,1320.0,True,1.32,0.0
510,465,471,429,1.08,1080.0,True,1.15,70.0
511,67,472,63,0.327,327.0,True,0.35,23.0
511,371,472,344,0.316,316.0,True,0.308,8.0
512,301,473,279,0.025,25.0,False,,
513,102,474,94,0.049,49.0,True,0.05,1.0
513,192,474,179,1.79,1790.0,False,,
513,344,474,319,2.86,2860.0,False,,
513,562,474,520,3.0,3000.0,False,,
514,136,475,127,0.574,574.0,True,0.58,6.0
514,196,475,183,1.28,1280.0,True,1.28,0.0
514,610,475,568,0.286,286.0,True,0.316,30.0
514,645,475,597,1.63,1630.0,True,1.64,10.0
515,83,476,77,0.104,104.0,False,,
515,134,476,125,1.77,1770.0,False,,
515,153,476,143,1.5,1500.0,False,,
515,329,476,305,1.6,1600.0,False,,
515,547,476,505,2.05,2050.0,False,,
517,235,478,221,0.676,676.0,True,0.753,77.0
517,305,478,283,0.193,193.0,True,0.185,8.0
517,360,478,333,0.168,168.0,True,0.193,25.0
517,568,478,526,0.363,363.0,True,0.36,3.0
518,488,479,451,0.361,361.0,False,,
518,627,479,582,0.328,328.0,True,0.05,278.0
519,542,480,500,2.43,2430.0,False,,
519,610,480,568,1.27,1270.0,True,1.31,40.0
519,650,480,601,0.399,399.0,True,0.352,47.0
520,287,481,267,0.045,45.0,True,0.219,174.0
520,399,481,367,0.481,481.0,True,1.45,969.0
523,143,482,134,1.13,1130.0,True,0.41,720.0
523,257,482,240,0.268,268.0,True,0.249,19.0
523,312,482,289,0.995,995.0,True,1.02,25.0
523,341,482,316,0.225,225.0,True,0.2,25.0
523,345,482,320,0.777,777.0,True,0.811,34.0
523,492,482,455,1.74,1740.0,False,,
524,380,483,353,0.111,111.0,False,,
525,115,484,107,0.735,735.0,True,0.773,38.0
525,189,484,177,0.59,590.0,False,,
525,231,484,217,0.484,484.0,True,0.479,5.0
525,262,484,245,0.518,518.0,False,,
525,331,484,307,0.39,390.0,True,0.414,24.0
525,546,484,504,1.29,1290.0,True,1.28,10.0
525,553,484,511,0.994,994.0,True,0.955,39.0
526,282,485,262,1.4,1400.0,True,1.53,130.0
526,302,485,280,1.68,1680.0,True,2.5,820.0
526,563,485,521,0.798,798.0,False,,
526,564,485,522,0.98,980.0,True,0.987,7.0
526,586,485,544,0.064,64.0,True,0.062,2.0
527,300,486,278,0.153,153.0,True,0.091,62.0
527,308,486,285,1.16,1160.0,True,1.12,40.0
527,515,486,476,3.07,3070.0,False,,
528,33,487,30,0.914,914.0,False,,
528,140,487,131,0.666,666.0,False,,
528,155,487,145,0.357,357.0,False,,
528,441,487,405,0.876,876.0,False,,
528,442,487,406,0.953,953.0,False,,
528,450,487,414,0.299,299.0,True,0.335,36.0
528,543,487,501,0.984,984.0,False,,
528,653,487,603,0.418,418.0,True,0.428,10.0
529,137,488,128,0.8,800.0,True,0.756,44.0
529,644,488,596,1.66,1660.0,False,,
530,53,489,49,0.575,575.0,True,0.512,63.0
530,88,489,81,0.305,305.0,True,0.537,232.0
530,540,489,498,0.296,296.0,True,0.308,12.0
531,72,490,68,0.682,682.0,True,0.68,2.0
532,18,491,15,0.256,256.0,True,0.26,4.0
532,145,491,136,0.929,929.0,True,0.973,44.0
532,327,491,303,0.31,310.0,True,0.433,123.0
532,396,491,364,0.364,364.0,True,0.433,69.0
532,454,491,418,1.01,1010.0,True,1.0,10.0
532,484,491,447,1.5,1500.0,False,,
532,568,491,526,1.43,1430.0,True,1.24,190.0
532,592,491,550,1.49,1490.0,True,1.47,20.0
532,634,491,589,0.975,975.0,True,0.974,1.0
534,64,492,60,0.05,50.0,False,,
534,326,492,302,0.419,419.0,False,,
535,38,493,34,0.207,207.0,True,0.505,298.0
535,340,493,315,0.234,234.0,True,0.245,11.0
535,350,493,324,0.333,333.0,True,0.377,44.0
535,600,493,558,3.65,3650.0,False,,
536,262,494,245,1.14,1140.0,False,,
536,286,494,266,0.234,234.0,True,0.227,7.0
536,299,494,277,2.12,2120.0,False,,
536,369,494,342,2.49,2490.0,False,,
536,428,494,393,1.46,1460.0,False,,
536,482,494,445,0.716,716.0,True,0.719,3.0
536,546,494,504,2.12,2120.0,False,,
537,169,495,158,0.18,180.0,False,,
537,353,495,327,0.12,120.0,False,,
538,152,496,142,0.318,318.0,True,0.34,22.0
538,226,496,212,0.254,254.0,True,0.247,7.0
538,558,496,516,1.73,1730.0,False,,
539,182,497,171,0.213,213.0,True,0.229,16.0
539,221,497,207,0.072,72.0,True,0.067,5.0
539,246,497,231,0.432,432.0,True,0.582,150.0
540,15,498,12,1.737,1737.0,False,,
540,88,498,81,0.466,466.0,False,,
540,175,498,164,1.48,1480.0,True,1.4,80.0
540,351,498,325,2.19,2190.0,False,,
540,433,498,398,1.27,1270.0,True,1.4,130.0
540,530,498,489,0.308,308.0,True,0.296,12.0
540,580,498,538,0.267,267.0,True,0.293,26.0
540,590,498,548,3.44,3440.0,True,3.39,50.0
540,656,498,606,1.65,1650.0,True,1.5,150.0
541,69,499,65,0.374,374.0,False,,
541,143,499,134,0.696,696.0,False,,
541,242,499,227,0.391,391.0,False,,
541,366,499,339,0.225,225.0,False,,
542,174,500,163,0.108,108.0,True,0.14,32.0
542,225,500,211,1.94,1940.0,False,,
542,596,500,554,1.2,1200.0,True,1.21,10.0
543,4,501,3,0.387,387.0,True,0.515,128.0
543,33,501,30,0.362,362.0,True,0.35,12.0
543,187,501,175,0.81,810.0,True,0.796,14.0
543,214,501,200,0.584,584.0,False,,
543,441,501,405,0.151,151.0,True,0.479,328.0
543,442,501,406,0.56,560.0,True,0.559,1.0
543,607,501,565,0.52,520.0,False,,
544,12,502,9,1.0,1000.0,False,,
544,500,502,462,0.02,20.0,True,0.085,65.0
544,527,502,486,1.55,1550.0,False,,
544,585,502,543,2.46,2460.0,True,2.46,0.0
545,7,503,5,1.1,1100.0,False,,
545,45,503,41,0.834,834.0,True,0.76,74.0
545,66,503,62,0.903,903.0,False,,
545,266,503,247,0.685,685.0,False,,
545,654,503,604,0.949,949.0,False,,
546,82,504,76,0.363,363.0,False,,
546,115,504,107,1.19,1190.0,False,,
546,126,504,117,0.38,380.0,True,0.423,43.0
546,299,504,277,0.003,3.0,False,,
546,331,504,307,1.34,1340.0,True,1.29,50.0
546,369,504,342,1.14,1140.0,True,1.15,10.0
546,376,504,349,0.188,188.0,True,0.189,1.0
546,463,504,427,1.5,1500.0,False,,
546,525,504,484,1.28,1280.0,True,1.29,10.0
547,516,505,477,1.89,1890.0,False,,
547,554,505,512,0.147,147.0,True,0.086,61.0
548,114,506,106,0.308,308.0,False,,
548,576,506,534,0.311,311.0,False,,
549,195,507,182,1.3,1300.0,True,1.3,0.0
549,317,507,294,0.601,601.0,False,,
549,428,507,393,0.306,306.0,True,0.292,14.0
549,455,507,419,0.776,776.0,False,,
549,479,507,442,0.648,648.0,True,0.618,30.0
550,135,508,126,3.65,3650.0,False,,
550,179,508,168,0.455,455.0,False,,
550,256,508,239,2.08,2080.0,False,,
550,309,508,286,0.126,126.0,False,,
550,478,508,441,4.57,4570.0,False,,
550,602,508,560,0.386,386.0,False,,
550,614,508,571,2.01,2010.0,False,,
550,644,508,596,2.85,2850.0,False,,
551,19,509,16,0.238,238.0,True,0.213,25.0
551,184,509,173,0.006,6.0,True,0.07,64.0
551,226,509,212,0.34,340.0,False,,
552,513,510,474,0.645,645.0,False,,
553,68,511,64,0.816,816.0,True,0.811,5.0
553,115,511,107,0.857,857.0,True,0.85,7.0
553,254,511,237,0.855,855.0,False,,
553,331,511,307,0.992,992.0,True,1.02,28.0
553,463,511,427,1.17,1170.0,False,,
553,525,511,484,0.955,955.0,True,0.994,39.0
554,237,512,223,0.757,757.0,False,,
554,418,512,384,0.538,538.0,True,0.55,12.0
554,419,512,385,1.9,1900.0,True,0.753,1147.0
554,448,512,412,1.45,1450.0,False,,
554,547,512,505,0.086,86.0,True,0.147,61.0
554,582,512,540,0.571,571.0,False,,
555,124,513,115,0.481,481.0,False,,
555,159,513,148,0.425,425.0,False,,
555,207,513,193,0.297,297.0,False,,
555,357,513,331,0.347,347.0,False,,
555,414,513,381,0.721,721.0,False,,
555,460,513,424,0.402,402.0,False,,
555,567,513,525,0.743,743.0,False,,
556,135,514,126,3.06,3060.0,True,2.85,210.0
556,268,514,249,0.018,18.0,True,0.016,2.0
556,349,514,323,0.565,565.0,True,0.639,74.0
556,644,514,596,3.46,3460.0,False,,
557,9,515,6,0.975,975.0,False,,
557,40,515,36,0.813,813.0,False,,
557,78,515,72,0.53,530.0,False,,
557,129,515,120,0.35,350.0,False,,
558,54,516,50,1.75,1750.0,False,,
558,152,516,142,1.77,1770.0,True,1.72,50.0
558,240,516,226,0.854,854.0,False,,
558,507,516,468,0.43,430.0,True,0.647,217.0
558,606,516,564,0.588,588.0,True,0.254,334.0
558,642,516,595,0.594,594.0,True,1.34,746.0
559,72,517,68,0.462,462.0,True,0.461,1.0
560,15,518,12,1.244,1244.0,False,,
560,53,518,49,1.16,1160.0,True,1.999,839.0
560,80,518,74,1.44,1440.0,True,1.41,30.0
560,396,518,364,1.51,1510.0,True,1.48,30.0
560,433,518,398,1.343,1343.0,False,,
560,484,518,447,0.31,310.0,True,0.323,13.0
560,530,518,489,1.22,1220.0,False,,
560,580,518,538,1.249,1249.0,False,,
560,591,518,549,0.14,140.0,True,0.14,0.0
560,656,518,606,2.147,2147.0,False,,
561,108,519,100,1.1,1100.0,False,,
561,214,519,200,0.414,414.0,False,,
561,291,519,271,0.142,142.0,True,0.109,33.0
561,622,519,579,0.31,310.0,True,0.302,8.0
562,313,520,290,0.377,377.0,False,,
562,358,520,332,0.789,789.0,False,,
562,628,520,583,0.808,808.0,False,,
562,648,520,600,0.32,320.0,False,,
563,30,521,27,2.22,2220.0,False,,
563,196,521,183,2.27,2270.0,False,,
563,645,521,597,0.808,808.0,True,0.822,14.0
564,30,522,27,0.809,809.0,True,0.79,19.0
564,193,522,180,0.776,776.0,True,0.781,5.0
564,282,522,262,0.676,676.0,True,0.642,34.0
564,526,522,485,0.987,987.0,True,0.98,7.0
565,110,523,102,0.143,143.0,True,0.14,3.0
565,413,523,380,1.83,1830.0,True,1.78,50.0
566,200,524,187,0.018,18.0,True,0.051,33.0
566,534,524,492,1.25,1250.0,False,,
567,71,525,67,0.255,255.0,True,0.262,7.0
567,79,525,73,0.39,390.0,False,,
567,124,525,115,0.212,212.0,True,0.248,36.0
567,169,525,158,0.381,381.0,True,0.384,3.0
567,227,525,213,0.236,236.0,True,0.231,5.0
567,357,525,331,0.357,357.0,True,0.555,198.0
567,414,525,381,0.391,391.0,True,0.409,18.0
568,20,526,17,0.844,844.0,False,,
568,145,526,136,0.558,558.0,True,0.654,96.0
568,253,526,236,0.88,880.0,False,,
568,360,526,333,0.418,418.0,False,,
568,376,526,349,1.36,1360.0,True,1.38,20.0
568,454,526,418,0.444,444.0,True,0.468,24.0
568,484,526,447,1.387,1387.0,False,,
568,517,526,478,0.36,360.0,True,0.363,3.0
568,532,526,491,1.24,1240.0,True,1.43,190.0
568,591,526,549,1.828,1828.0,False,,
568,592,526,550,0.412,412.0,True,0.53,118.0
569,5,527,4,0.325,325.0,True,0.381,56.0
569,598,527,556,0.126,126.0,True,0.128,2.0
570,109,528,101,2.04,2040.0,True,2.04,0.0
570,127,528,118,1.75,1750.0,True,1.75,0.0
570,234,528,220,5.1,5100.0,False,,
570,275,528,256,3.37,3370.0,True,3.34,30.0
570,407,528,375,4.7,4700.0,False,,
570,445,528,409,2.68,2680.0,True,2.71,30.0
570,480,528,443,1.63,1630.0,False,,
571,88,529,81,0.261,261.0,True,0.392,131.0
571,655,529,605,1.0,1000.0,True,1.0,0.0
572,9,530,6,1.51,1510.0,False,,
572,40,530,36,1.27,1270.0,False,,
572,41,530,37,1.6,1600.0,False,,
572,133,530,124,1.66,1660.0,False,,
572,605,530,563,2.73,2730.0,False,,
573,110,531,102,1.44,1440.0,True,1.425,15.0
573,142,531,133,2.43,2430.0,True,2.53,100.0
573,637,531,592,1.4,1400.0,True,1.41,10.0
574,26,532,23,0.697,697.0,True,0.748,51.0
574,212,532,198,0.979,979.0,False,,
574,295,532,274,0.356,356.0,True,0.387,31.0
574,333,532,309,0.675,675.0,False,,
574,421,532,386,0.69,690.0,True,0.669,21.0
574,452,532,416,0.055,55.0,True,0.06,5.0
574,654,532,604,0.476,476.0,True,0.48,4.0
575,181,533,170,0.327,327.0,True,0.346,19.0
575,355,533,329,1.13,1130.0,False,,
576,652,534,602,0.325,325.0,False,,
577,105,535,97,3.09,3090.0,False,,
577,218,535,204,0.03,30.0,True,0.1,70.0
578,112,536,104,0.818,818.0,True,0.84,22.0
578,426,536,391,0.355,355.0,False,,
579,48,537,44,2.04,2040.0,True,2.02,20.0
579,130,537,121,1.91,1910.0,True,1.92,10.0
579,166,537,155,0.358,358.0,True,0.379,21.0
579,205,537,191,0.518,518.0,False,,
579,326,537,302,1.43,1430.0,True,1.34,90.0
580,15,538,12,0.913,913.0,True,0.777,136.0
580,53,538,49,0.568,568.0,False,,
580,88,538,81,0.3,300.0,True,1.512,1212.0
580,175,538,164,1.19,1190.0,True,1.07,120.0
580,284,538,264,2.12,2120.0,False,,
580,433,538,398,0.918,918.0,True,0.9,18.0
580,530,538,489,0.15,150.0,False,,
580,540,538,498,0.293,293.0,True,0.267,26.0
580,656,538,606,1.14,1140.0,True,1.1,40.0
581,460,539,424,0.144,144.0,False,,
581,555,539,513,0.025,25.0,False,,
582,160,540,149,1.63,1630.0,True,1.62,10.0
582,237,540,223,1.02,1020.0,False,,
582,418,540,384,0.461,461.0,True,0.46,1.0
582,618,540,575,0.91,910.0,True,0.89,20.0
583,24,541,21,0.43,430.0,False,,
583,112,541,104,0.696,696.0,True,0.7,4.0
584,81,542,75,0.087,87.0,False,,
585,122,543,113,3.02,3020.0,False,,
585,267,543,248,0.725,725.0,True,0.721,4.0
585,303,543,281,1.77,1770.0,False,,
585,308,543,285,2.3,2300.0,True,2.3,0.0
585,544,543,502,2.46,2460.0,True,2.46,0.0
586,196,544,183,2.95,2950.0,False,,
586,526,544,485,0.062,62.0,True,0.064,2.0
586,563,544,521,0.825,825.0,False,,
587,97,545,90,0.722,722.0,True,0.058,664.0
587,138,545,129,0.43,430.0,True,0.44,10.0
587,269,545,250,1.22,1220.0,False,,
587,461,545,425,2.15,2150.0,False,,
587,470,545,434,1.99,1990.0,False,,
587,510,545,471,1.66,1660.0,False,,
587,646,545,598,2.4,2400.0,False,,
588,64,546,60,3.45,3450.0,False,,
588,93,546,86,3.85,3850.0,False,,
588,198,546,185,3.77,3770.0,True,4.18,410.0
588,200,546,187,1.95,1950.0,True,1.95,0.0
588,238,546,224,3.27,3270.0,False,,
588,278,546,259,4.57,4570.0,False,,
588,395,546,363,2.1,2100.0,True,2.14,40.0
589,128,547,119,0.257,257.0,True,0.254,3.0
589,257,547,240,0.092,92.0,True,0.102,10.0
590,15,548,12,3.097,3097.0,False,,
590,46,548,42,1.41,1410.0,False,,
590,88,548,81,4.16,4160.0,False,,
590,175,548,164,2.08,2080.0,False,,
590,279,548,260,0.892,892.0,False,,
590,284,548,264,0.88,880.0,False,,
590,351,548,325,1.36,1360.0,False,,
590,415,548,382,2.55,2550.0,False,,
590,433,548,398,2.2,2200.0,False,,
590,510,548,471,2.04,2040.0,False,,
590,530,548,489,3.3,3300.0,False,,
590,540,548,498,3.39,3390.0,True,3.44,50.0
590,580,548,538,2.99,2990.0,False,,
590,656,548,606,1.87,1870.0,False,,
591,15,549,12,0.4,400.0,True,0.387,13.0
591,53,549,49,1.257,1257.0,True,1.286,29.0
591,97,549,90,0.755,755.0,False,,
591,138,549,129,1.23,1230.0,False,,
591,161,549,150,0.612,612.0,True,0.632,20.0
591,433,549,398,1.219,1219.0,False,,
591,530,549,489,1.09,1090.0,False,,
591,560,549,518,0.14,140.0,True,0.14,0.0
591,580,549,538,1.125,1125.0,False,,
591,656,549,606,2.023,2023.0,False,,
592,20,550,17,1.0,1000.0,False,,
592,80,550,74,1.79,1790.0,False,,
592,145,550,136,0.941,941.0,True,0.783,158.0
592,161,550,150,2.41,2410.0,False,,
592,250,550,234,0.478,478.0,False,,
592,253,550,236,0.844,844.0,False,,
592,305,550,283,0.73,730.0,True,0.715,15.0
592,327,550,303,1.5,1500.0,False,,
592,376,550,349,1.5,1500.0,True,1.5,0.0
592,404,550,372,0.976,976.0,True,0.922,54.0
592,532,550,491,1.47,1470.0,True,1.49,20.0
592,568,550,526,0.53,530.0,True,0.412,118.0
592,634,550,589,0.814,814.0,True,0.808,6.0
592,645,550,597,1.05,1050.0,False,,
593,172,551,161,0.31,310.0,False,,
593,185,551,174,0.26,260.0,True,0.268,8.0
593,497,551,459,0.297,297.0,True,0.309,12.0
594,26,552,23,2.33,2330.0,False,,
594,139,552,130,3.71,3710.0,False,,
594,252,552,235,3.77,3770.0,False,,
594,401,552,369,0.337,337.0,False,,
594,443,552,407,0.83,830.0,False,,
594,449,552,413,3.21,3210.0,False,,
594,450,552,414,3.92,3920.0,False,,
594,603,552,561,1.37,1370.0,False,,
594,612,552,569,3.93,3930.0,False,,
595,97,553,90,0.322,322.0,True,0.317,5.0
595,161,553,150,0.04,40.0,True,0.085,45.0
596,197,554,184,1.04,1040.0,True,1.06,20.0
596,336,554,311,2.67,2670.0,False,,
596,369,554,342,2.47,2470.0,False,,
596,402,554,370,2.45,2450.0,False,,
596,403,554,371,1.7,1700.0,True,1.7,0.0
596,519,554,480,2.78,2780.0,False,,
596,542,554,500,1.21,1210.0,True,1.2,10.0
597,101,555,93,0.422,422.0,True,0.42,2.0
597,395,555,363,2.44,2440.0,False,,
597,491,555,454,1.1,1100.0,False,,
598,288,556,268,0.362,362.0,True,0.316,46.0
598,569,556,527,0.128,128.0,True,0.126,2.0
599,27,557,24,0.66,660.0,True,0.766,106.0
599,34,557,31,0.539,539.0,True,0.626,87.0
599,70,557,66,0.539,539.0,False,,
599,94,557,87,0.723,723.0,True,0.616,107.0
599,125,557,116,0.758,758.0,True,0.878,120.0
599,172,557,161,0.657,657.0,True,0.445,212.0
599,185,557,174,0.545,545.0,True,0.836,291.0
599,462,557,426,0.852,852.0,False,,
599,593,557,551,0.602,602.0,False,,
600,38,558,34,0.481,481.0,True,0.45,31.0
600,168,558,157,0.758,758.0,True,0.75,8.0
601,27,559,24,1.85,1850.0,False,,
601,37,559,33,1.49,1490.0,False,,
601,117,559,108,3.19,3190.0,False,,
601,167,559,156,3.08,3080.0,False,,
601,312,559,289,4.16,4160.0,False,,
601,345,559,320,3.47,3470.0,False,,
601,409,559,377,3.35,3350.0,False,,
601,486,559,449,1.72,1720.0,False,,
601,497,559,459,0.64,640.0,True,0.646,6.0
601,593,559,551,0.921,921.0,False,,
601,605,559,563,0.393,393.0,True,0.458,65.0
602,467,560,431,0.15,150.0,False,,
603,26,561,23,1.56,1560.0,True,1.61,50.0
603,55,561,51,0.506,506.0,True,0.515,9.0
603,139,561,130,2.94,2940.0,False,,
603,143,561,134,3.47,3470.0,False,,
603,252,561,235,3.0,3000.0,False,,
603,296,561,275,0.06,60.0,True,0.061,1.0
603,333,561,309,1.34,1340.0,False,,
603,434,561,399,1.3,1300.0,False,,
603,438,561,402,1.06,1060.0,True,1.06,0.0
603,449,561,413,2.46,2460.0,False,,
603,476,561,439,1.28,1280.0,True,1.26,20.0
603,492,561,455,2.92,2920.0,False,,
604,62,562,58,0.039,39.0,True,0.305,266.0
605,41,563,37,1.2,1200.0,True,1.21,10.0
605,601,563,559,0.458,458.0,True,0.393,65.0
605,632,563,587,0.561,561.0,True,0.564,3.0
606,54,564,50,1.5,1500.0,True,1.55,50.0
606,240,564,226,0.599,599.0,True,0.288,311.0
606,469,564,433,0.408,408.0,False,,
606,558,564,516,0.254,254.0,True,0.588,334.0
607,4,565,3,0.575,575.0,True,0.595,20.0
607,33,565,30,0.543,543.0,True,0.544,1.0
607,65,565,61,0.468,468.0,False,,
607,108,565,100,0.886,886.0,False,,
607,189,565,177,1.06,1060.0,False,,
607,214,565,200,0.139,139.0,True,0.126,13.0
607,331,565,307,0.907,907.0,True,0.899,8.0
607,525,565,484,1.39,1390.0,False,,
607,622,565,579,0.686,686.0,False,,
608,228,566,214,3.29,3290.0,True,5.13,1840.0
608,276,566,257,3.11,3110.0,True,3.12,10.0
608,387,566,357,0.995,995.0,True,0.978,17.0
608,429,566,394,0.706,706.0,True,0.688,18.0
608,629,566,584,0.802,802.0,True,0.824,22.0
609,360,567,333,0.206,206.0,True,0.214,8.0
609,454,567,418,0.2,200.0,False,,
609,616,567,573,0.616,616.0,False,,
610,196,568,183,1.29,1290.0,True,1.28,10.0
610,514,568,475,0.316,316.0,True,0.286,30.0
610,519,568,480,1.31,1310.0,True,1.27,40.0
610,542,568,500,3.76,3760.0,False,,
610,638,568,593,0.493,493.0,True,0.468,25.0
612,139,569,130,0.515,515.0,True,0.518,3.0
612,450,569,414,0.497,497.0,False,,
612,473,569,436,0.382,382.0,False,,
612,617,569,574,0.185,185.0,True,0.185,0.0
613,170,570,159,0.01,10.0,True,0.013,3.0
613,199,570,186,5.99,5990.0,True,5.53,460.0
613,244,570,229,0.738,738.0,True,0.775,37.0
613,354,570,328,1.31,1310.0,True,0.729,581.0
614,273,571,254,2.01,2010.0,False,,
614,423,571,388,2.01,2010.0,False,,
615,301,572,279,0.491,491.0,False,,
615,334,572,310,0.772,772.0,False,,
615,512,572,473,0.5,500.0,False,,
616,224,573,210,0.441,441.0,False,,
616,239,573,225,0.219,219.0,True,0.201,18.0
616,327,573,303,0.139,139.0,True,0.03,109.0
616,346,573,321,0.789,789.0,False,,
616,532,573,491,0.4,400.0,False,,
616,619,573,576,0.45,450.0,False,,
617,249,574,233,0.63,630.0,True,0.662,32.0
617,337,574,312,0.846,846.0,False,,
617,612,574,569,0.185,185.0,True,0.185,0.0
618,237,575,223,0.384,384.0,True,0.387,3.0
618,477,575,440,0.02,20.0,True,0.03,10.0
618,582,575,540,0.89,890.0,True,0.91,20.0
619,18,576,15,0.281,281.0,True,0.306,25.0
619,224,576,210,0.025,25.0,True,0.037,12.0
619,327,576,303,0.427,427.0,False,,
620,201,577,188,1.88,1880.0,True,1.9,20.0
620,258,577,241,1.11,1110.0,True,1.11,0.0
621,22,578,19,1.04,1040.0,True,1.05,10.0
621,193,578,180,1.94,1940.0,True,1.94,0.0
621,509,578,470,0.623,623.0,True,0.609,14.0
622,463,579,427,0.035,35.0,True,0.092,57.0
622,561,579,519,0.302,302.0,True,0.31,8.0
623,23,580,20,1.09,1090.0,True,1.09,0.0
623,181,580,170,0.674,674.0,True,0.241,433.0
626,28,581,25,0.036,36.0,True,0.024,12.0
626,157,581,147,0.025,25.0,True,0.034,9.0
627,49,582,45,0.221,221.0,True,0.23,9.0
627,507,582,468,0.599,599.0,False,,
627,518,582,479,0.05,50.0,True,0.328,278.0
627,642,582,595,0.917,917.0,False,,
628,33,583,30,0.176,176.0,True,0.177,1.0
628,358,583,332,1.12,1120.0,False,,
628,442,583,406,0.304,304.0,False,,
628,581,583,539,0.542,542.0,False,,
629,118,584,109,0.906,906.0,True,0.911,5.0
629,228,584,214,3.77,3770.0,True,5.02,1250.0
629,429,584,394,1.52,1520.0,False,,
629,608,584,566,0.824,824.0,True,0.802,22.0
630,51,585,47,1.51,1510.0,True,1.45,60.0
630,55,585,51,1.54,1540.0,True,1.54,0.0
630,293,585,273,0.838,838.0,True,0.813,25.0
630,343,585,318,0.28,280.0,True,0.276,4.0
630,470,585,434,0.865,865.0,True,0.918,53.0
630,646,585,598,1.17,1170.0,True,1.15,20.0
631,163,586,152,0.207,207.0,True,0.205,2.0
631,206,586,192,0.663,663.0,True,1.08,417.0
631,324,586,300,1.12,1120.0,False,,
631,334,586,310,1.11,1110.0,True,1.1,10.0
631,499,586,461,3.87,3870.0,False,,
632,488,587,451,0.186,186.0,True,0.174,12.0
632,604,587,562,0.161,161.0,False,,
632,605,587,563,0.564,564.0,True,0.561,3.0
633,132,588,123,0.717,717.0,False,,
633,344,588,319,0.737,737.0,True,0.673,64.0
634,20,589,17,2.159,2159.0,False,,
634,80,589,74,0.951,951.0,False,,
634,145,589,136,0.565,565.0,True,0.63,65.0
634,253,589,236,0.084,84.0,True,0.05,34.0
634,327,589,303,0.994,994.0,True,0.985,9.0
634,396,589,364,1.01,1010.0,False,,
634,404,589,372,1.815,1815.0,False,,
634,454,589,418,0.686,686.0,True,0.66,26.0
634,484,589,447,0.397,397.0,False,,
634,532,589,491,0.974,974.0,True,0.975,1.0
634,568,589,526,0.887,887.0,False,,
634,591,589,549,1.795,1795.0,False,,
634,592,589,550,0.808,808.0,True,0.814,6.0
634,609,589,567,1.35,1350.0,False,,
635,280,590,261,5.54,5540.0,False,,
635,447,590,411,0.47,470.0,True,0.484,14.0
635,637,590,592,0.537,537.0,True,0.564,27.0
636,243,591,228,0.153,153.0,False,,
637,230,592,216,1.09,1090.0,True,1.25,160.0
637,280,592,261,5.98,5980.0,False,,
637,573,592,531,1.41,1410.0,True,1.4,10.0
637,635,592,590,0.564,564.0,True,0.537,27.0
638,136,593,127,0.328,328.0,True,0.375,47.0
638,178,593,167,0.941,941.0,True,0.905,36.0
638,610,593,568,0.468,468.0,True,0.493,25.0
640,26,594,23,1.52,1520.0,False,,
640,131,594,122,0.298,298.0,False,,
640,212,594,198,0.503,503.0,False,,
640,213,594,199,1.31,1310.0,False,,
640,255,594,238,0.305,305.0,True,0.308,3.0
640,295,594,274,0.82,820.0,False,,
640,312,594,289,0.843,843.0,False,,
640,654,594,604,0.291,291.0,True,0.296,5.0
642,184,595,173,1.25,1250.0,False,,
642,518,595,479,0.03,30.0,False,,
642,558,595,516,1.34,1340.0,True,0.594,746.0
642,606,595,564,1.72,1720.0,False,,
644,439,596,403,0.78,780.0,True,0.791,11.0
645,96,597,89,2.63,2630.0,False,,
645,514,597,475,1.64,1640.0,True,1.63,10.0
645,563,597,521,0.822,822.0,True,0.808,14.0
645,586,597,544,0.322,322.0,False,,
646,51,598,47,1.72,1720.0,True,1.73,10.0
646,55,598,51,1.37,1370.0,True,1.36,10.0
646,144,598,135,1.46,1460.0,True,1.47,10.0
646,149,598,140,2.32,2320.0,True,2.31,10.0
646,269,598,250,1.23,1230.0,True,1.34,110.0
646,461,598,425,0.828,828.0,True,0.81,18.0
646,465,598,429,1.52,1520.0,True,1.2,320.0
646,630,598,585,1.15,1150.0,True,1.17,20.0
647,177,599,166,0.62,620.0,False,,
647,179,599,168,2.69,2690.0,True,2.69,0.0
647,300,599,278,3.83,3830.0,False,,
647,308,599,285,3.05,3050.0,True,3.04,10.0
647,502,599,464,1.67,1670.0,True,1.71,40.0
648,4,600,3,0.251,251.0,False,,
648,108,600,100,0.44,440.0,True,0.065,375.0
650,272,601,253,4.66,4660.0,False,,
650,336,601,311,1.83,1830.0,False,,
650,371,601,344,5.0,5000.0,False,,
650,402,601,370,0.273,273.0,True,0.278,5.0
650,519,601,480,0.352,352.0,True,0.399,47.0
650,596,601,554,2.41,2410.0,False,,
652,458,602,422,0.924,924.0,False,,
652,548,602,506,0.224,224.0,False,,
653,33,603,30,1.2,1200.0,False,,
653,140,603,131,0.484,484.0,False,,
653,155,603,145,0.774,774.0,False,,
653,242,603,227,0.533,533.0,False,,
653,318,603,295,0.792,792.0,True,0.573,219.0
653,442,603,406,0.708,708.0,True,0.334,374.0
653,450,603,414,0.717,717.0,False,,
653,528,603,487,0.428,428.0,True,0.418,10.0
653,543,603,501,1.28,1280.0,False,,
654,421,604,386,0.625,625.0,True,0.633,8.0
654,452,604,416,0.525,525.0,True,0.519,6.0
654,574,604,532,0.48,480.0,True,0.476,4.0
654,640,604,594,0.296,296.0,True,0.291,5.0
655,20,605,17,1.79,1790.0,False,,
655,197,605,184,0.026,26.0,True,0.045,19.0
655,321,605,298,0.962,962.0,False,,
655,336,605,311,1.71,1710.0,False,,
655,376,605,349,2.3,2300.0,False,,
655,404,605,372,1.426,1426.0,False,,
655,511,605,472,2.05,2050.0,False,,
655,571,605,529,1.0,1000.0,True,1.0,0.0
656,15,606,12,1.12,1120.0,True,1.1,20.0
656,138,606,129,0.906,906.0,False,,
656,175,606,164,0.55,550.0,True,0.571,21.0
656,269,606,250,2.39,2390.0,False,,
656,284,606,264,0.87,870.0,False,,
656,433,606,398,0.285,285.0,True,0.27,15.0
656,530,606,489,1.78,1780.0,False,,
656,540,606,498,1.5,1500.0,True,1.65,150.0
656,580,606,538,1.1,1100.0,True,1.14,40.0
657,148,607,139,0.09,90.0,False,,
657,210,607,196,1.28,1280.0,False,,
